ï»¿"Serie","cvegeo","Entidad_federativa","Periodo","tam_loc_sexo|Nacional","tam_loc_sexo|Urbana","tam_loc_sexo|Rural","tam_loc_sexo|Hombres","tam_loc_sexo|Mujeres",
"Prevalencia_de_la_malnutriciÃ³n_(peso_para_la_estatura,_desviaciÃ³n_tÃ­pica_>_+2_o_<_-2_de_la_mediana_de_los_patrones_de_crecimiento_infantil_de_la_OMS)_entre_la_poblaciÃ³n_menor_a_5_aÃ±os,_desglosada_por_tipo_(emaciaciÃ³n_y_sobrepeso)",	00,"Estados_Unidos_Mexicanos","2024","8.3544396","9.2862623","5.5330198","7.9421139","8.7796595",
"Prevalencia_de_la_malnutriciÃ³n_(peso_para_la_estatura,_desviaciÃ³n_tÃ­pica_>_+2_o_<_-2_de_la_mediana_de_los_patrones_de_crecimiento_infantil_de_la_OMS)_entre_la_poblaciÃ³n_menor_a_5_aÃ±os,_desglosada_por_tipo_(emaciaciÃ³n_y_sobrepeso)",	01,"Aguascalientes","2024","ND","ND","ND","ND","ND",
"Prevalencia_de_la_malnutriciÃ³n_(peso_para_la_estatura,_desviaciÃ³n_tÃ­pica_>_+2_o_<_-2_de_la_mediana_de_los_patrones_de_crecimiento_infantil_de_la_OMS)_entre_la_poblaciÃ³n_menor_a_5_aÃ±os,_desglosada_por_tipo_(emaciaciÃ³n_y_sobrepeso)",	02,"Baja_California","2024","ND","ND","ND","ND","ND",
"Prevalencia_de_la_malnutriciÃ³n_(peso_para_la_estatura,_desviaciÃ³n_tÃ­pica_>_+2_o_<_-2_de_la_mediana_de_los_patrones_de_crecimiento_infantil_de_la_OMS)_entre_la_poblaciÃ³n_menor_a_5_aÃ±os,_desglosada_por_tipo_(emaciaciÃ³n_y_sobrepeso)",	03,"Baja_California_Sur","2024","ND","ND","ND","ND","ND",
"Prevalencia_de_la_malnutriciÃ³n_(peso_para_la_estatura,_desviaciÃ³n_tÃ­pica_>_+2_o_<_-2_de_la_mediana_de_los_patrones_de_crecimiento_infantil_de_la_OMS)_entre_la_poblaciÃ³n_menor_a_5_aÃ±os,_desglosada_por_tipo_(emaciaciÃ³n_y_sobrepeso)",	04,"Campeche","2024","ND","ND","ND","ND","ND",
"Prevalencia_de_la_malnutriciÃ³n_(peso_para_la_estatura,_desviaciÃ³n_tÃ­pica_>_+2_o_<_-2_de_la_mediana_de_los_patrones_de_crecimiento_infantil_de_la_OMS)_entre_la_poblaciÃ³n_menor_a_5_aÃ±os,_desglosada_por_tipo_(emaciaciÃ³n_y_sobrepeso)",	05,"Coahuila_de_Zaragoza","2024","ND","ND","ND","ND","ND",
"Prevalencia_de_la_malnutriciÃ³n_(peso_para_la_estatura,_desviaciÃ³n_tÃ­pica_>_+2_o_<_-2_de_la_mediana_de_los_patrones_de_crecimiento_infantil_de_la_OMS)_entre_la_poblaciÃ³n_menor_a_5_aÃ±os,_desglosada_por_tipo_(emaciaciÃ³n_y_sobrepeso)",	06,"Colima","2024","ND","ND","ND","ND","ND",
"Prevalencia_de_la_malnutriciÃ³n_(peso_para_la_estatura,_desviaciÃ³n_tÃ­pica_>_+2_o_<_-2_de_la_mediana_de_los_patrones_de_crecimiento_infantil_de_la_OMS)_entre_la_poblaciÃ³n_menor_a_5_aÃ±os,_desglosada_por_tipo_(emaciaciÃ³n_y_sobrepeso)",	07,"Chiapas","2024","ND","ND","ND","ND","ND",
"Prevalencia_de_la_malnutriciÃ³n_(peso_para_la_estatura,_desviaciÃ³n_tÃ­pica_>_+2_o_<_-2_de_la_mediana_de_los_patrones_de_crecimiento_infantil_de_la_OMS)_entre_la_poblaciÃ³n_menor_a_5_aÃ±os,_desglosada_por_tipo_(emaciaciÃ³n_y_sobrepeso)",	08,"Chihuahua","2024","ND","ND","ND","ND","ND",
"Prevalencia_de_la_malnutriciÃ³n_(peso_para_la_estatura,_desviaciÃ³n_tÃ­pica_>_+2_o_<_-2_de_la_mediana_de_los_patrones_de_crecimiento_infantil_de_la_OMS)_entre_la_poblaciÃ³n_menor_a_5_aÃ±os,_desglosada_por_tipo_(emaciaciÃ³n_y_sobrepeso)",	09,"Ciudad_de_MÃ©xico","2024","ND","ND","ND","ND","ND",
"Prevalencia_de_la_malnutriciÃ³n_(peso_para_la_estatura,_desviaciÃ³n_tÃ­pica_>_+2_o_<_-2_de_la_mediana_de_los_patrones_de_crecimiento_infantil_de_la_OMS)_entre_la_poblaciÃ³n_menor_a_5_aÃ±os,_desglosada_por_tipo_(emaciaciÃ³n_y_sobrepeso)",	10,"Durango","2024","ND","ND","ND","ND","ND",
"Prevalencia_de_la_malnutriciÃ³n_(peso_para_la_estatura,_desviaciÃ³n_tÃ­pica_>_+2_o_<_-2_de_la_mediana_de_los_patrones_de_crecimiento_infantil_de_la_OMS)_entre_la_poblaciÃ³n_menor_a_5_aÃ±os,_desglosada_por_tipo_(emaciaciÃ³n_y_sobrepeso)",	11,"Guanajuato","2024","ND","ND","ND","ND","ND",
"Prevalencia_de_la_malnutriciÃ³n_(peso_para_la_estatura,_desviaciÃ³n_tÃ­pica_>_+2_o_<_-2_de_la_mediana_de_los_patrones_de_crecimiento_infantil_de_la_OMS)_entre_la_poblaciÃ³n_menor_a_5_aÃ±os,_desglosada_por_tipo_(emaciaciÃ³n_y_sobrepeso)",	12,"Guerrero","2024","ND","ND","ND","ND","ND",
"Prevalencia_de_la_malnutriciÃ³n_(peso_para_la_estatura,_desviaciÃ³n_tÃ­pica_>_+2_o_<_-2_de_la_mediana_de_los_patrones_de_crecimiento_infantil_de_la_OMS)_entre_la_poblaciÃ³n_menor_a_5_aÃ±os,_desglosada_por_tipo_(emaciaciÃ³n_y_sobrepeso)",	13,"Hidalgo","2024","ND","ND","ND","ND","ND",
"Prevalencia_de_la_malnutriciÃ³n_(peso_para_la_estatura,_desviaciÃ³n_tÃ­pica_>_+2_o_<_-2_de_la_mediana_de_los_patrones_de_crecimiento_infantil_de_la_OMS)_entre_la_poblaciÃ³n_menor_a_5_aÃ±os,_desglosada_por_tipo_(emaciaciÃ³n_y_sobrepeso)",	14,"Jalisco","2024","ND","ND","ND","ND","ND",
"Prevalencia_de_la_malnutriciÃ³n_(peso_para_la_estatura,_desviaciÃ³n_tÃ­pica_>_+2_o_<_-2_de_la_mediana_de_los_patrones_de_crecimiento_infantil_de_la_OMS)_entre_la_poblaciÃ³n_menor_a_5_aÃ±os,_desglosada_por_tipo_(emaciaciÃ³n_y_sobrepeso)",	15,"MÃ©xico","2024","ND","ND","ND","ND","ND",
"Prevalencia_de_la_malnutriciÃ³n_(peso_para_la_estatura,_desviaciÃ³n_tÃ­pica_>_+2_o_<_-2_de_la_mediana_de_los_patrones_de_crecimiento_infantil_de_la_OMS)_entre_la_poblaciÃ³n_menor_a_5_aÃ±os,_desglosada_por_tipo_(emaciaciÃ³n_y_sobrepeso)",	16,"MichoacÃ¡n_de_Ocampo","2024","ND","ND","ND","ND","ND",
"Prevalencia_de_la_malnutriciÃ³n_(peso_para_la_estatura,_desviaciÃ³n_tÃ­pica_>_+2_o_<_-2_de_la_mediana_de_los_patrones_de_crecimiento_infantil_de_la_OMS)_entre_la_poblaciÃ³n_menor_a_5_aÃ±os,_desglosada_por_tipo_(emaciaciÃ³n_y_sobrepeso)",	17,"Morelos","2024","ND","ND","ND","ND","ND",
"Prevalencia_de_la_malnutriciÃ³n_(peso_para_la_estatura,_desviaciÃ³n_tÃ­pica_>_+2_o_<_-2_de_la_mediana_de_los_patrones_de_crecimiento_infantil_de_la_OMS)_entre_la_poblaciÃ³n_menor_a_5_aÃ±os,_desglosada_por_tipo_(emaciaciÃ³n_y_sobrepeso)",	18,"Nayarit","2024","ND","ND","ND","ND","ND",
"Prevalencia_de_la_malnutriciÃ³n_(peso_para_la_estatura,_desviaciÃ³n_tÃ­pica_>_+2_o_<_-2_de_la_mediana_de_los_patrones_de_crecimiento_infantil_de_la_OMS)_entre_la_poblaciÃ³n_menor_a_5_aÃ±os,_desglosada_por_tipo_(emaciaciÃ³n_y_sobrepeso)",	19,"Nuevo_LeÃ³n","2024","ND","ND","ND","ND","ND",
"Prevalencia_de_la_malnutriciÃ³n_(peso_para_la_estatura,_desviaciÃ³n_tÃ­pica_>_+2_o_<_-2_de_la_mediana_de_los_patrones_de_crecimiento_infantil_de_la_OMS)_entre_la_poblaciÃ³n_menor_a_5_aÃ±os,_desglosada_por_tipo_(emaciaciÃ³n_y_sobrepeso)",	20,"Oaxaca","2024","ND","ND","ND","ND","ND",
"Prevalencia_de_la_malnutriciÃ³n_(peso_para_la_estatura,_desviaciÃ³n_tÃ­pica_>_+2_o_<_-2_de_la_mediana_de_los_patrones_de_crecimiento_infantil_de_la_OMS)_entre_la_poblaciÃ³n_menor_a_5_aÃ±os,_desglosada_por_tipo_(emaciaciÃ³n_y_sobrepeso)",	21,"Puebla","2024","ND","ND","ND","ND","ND",
"Prevalencia_de_la_malnutriciÃ³n_(peso_para_la_estatura,_desviaciÃ³n_tÃ­pica_>_+2_o_<_-2_de_la_mediana_de_los_patrones_de_crecimiento_infantil_de_la_OMS)_entre_la_poblaciÃ³n_menor_a_5_aÃ±os,_desglosada_por_tipo_(emaciaciÃ³n_y_sobrepeso)",	22,"QuerÃ©taro","2024","ND","ND","ND","ND","ND",
"Prevalencia_de_la_malnutriciÃ³n_(peso_para_la_estatura,_desviaciÃ³n_tÃ­pica_>_+2_o_<_-2_de_la_mediana_de_los_patrones_de_crecimiento_infantil_de_la_OMS)_entre_la_poblaciÃ³n_menor_a_5_aÃ±os,_desglosada_por_tipo_(emaciaciÃ³n_y_sobrepeso)",	23,"Quintana_Roo","2024","ND","ND","ND","ND","ND",
"Prevalencia_de_la_malnutriciÃ³n_(peso_para_la_estatura,_desviaciÃ³n_tÃ­pica_>_+2_o_<_-2_de_la_mediana_de_los_patrones_de_crecimiento_infantil_de_la_OMS)_entre_la_poblaciÃ³n_menor_a_5_aÃ±os,_desglosada_por_tipo_(emaciaciÃ³n_y_sobrepeso)",	24,"San_Luis_PotosÃ­","2024","ND","ND","ND","ND","ND",
"Prevalencia_de_la_malnutriciÃ³n_(peso_para_la_estatura,_desviaciÃ³n_tÃ­pica_>_+2_o_<_-2_de_la_mediana_de_los_patrones_de_crecimiento_infantil_de_la_OMS)_entre_la_poblaciÃ³n_menor_a_5_aÃ±os,_desglosada_por_tipo_(emaciaciÃ³n_y_sobrepeso)",	25,"Sinaloa","2024","ND","ND","ND","ND","ND",
"Prevalencia_de_la_malnutriciÃ³n_(peso_para_la_estatura,_desviaciÃ³n_tÃ­pica_>_+2_o_<_-2_de_la_mediana_de_los_patrones_de_crecimiento_infantil_de_la_OMS)_entre_la_poblaciÃ³n_menor_a_5_aÃ±os,_desglosada_por_tipo_(emaciaciÃ³n_y_sobrepeso)",	26,"Sonora","2024","ND","ND","ND","ND","ND",
"Prevalencia_de_la_malnutriciÃ³n_(peso_para_la_estatura,_desviaciÃ³n_tÃ­pica_>_+2_o_<_-2_de_la_mediana_de_los_patrones_de_crecimiento_infantil_de_la_OMS)_entre_la_poblaciÃ³n_menor_a_5_aÃ±os,_desglosada_por_tipo_(emaciaciÃ³n_y_sobrepeso)",	27,"Tabasco","2024","ND","ND","ND","ND","ND",
"Prevalencia_de_la_malnutriciÃ³n_(peso_para_la_estatura,_desviaciÃ³n_tÃ­pica_>_+2_o_<_-2_de_la_mediana_de_los_patrones_de_crecimiento_infantil_de_la_OMS)_entre_la_poblaciÃ³n_menor_a_5_aÃ±os,_desglosada_por_tipo_(emaciaciÃ³n_y_sobrepeso)",	28,"Tamaulipas","2024","ND","ND","ND","ND","ND",
"Prevalencia_de_la_malnutriciÃ³n_(peso_para_la_estatura,_desviaciÃ³n_tÃ­pica_>_+2_o_<_-2_de_la_mediana_de_los_patrones_de_crecimiento_infantil_de_la_OMS)_entre_la_poblaciÃ³n_menor_a_5_aÃ±os,_desglosada_por_tipo_(emaciaciÃ³n_y_sobrepeso)",	29,"Tlaxcala","2024","ND","ND","ND","ND","ND",
"Prevalencia_de_la_malnutriciÃ³n_(peso_para_la_estatura,_desviaciÃ³n_tÃ­pica_>_+2_o_<_-2_de_la_mediana_de_los_patrones_de_crecimiento_infantil_de_la_OMS)_entre_la_poblaciÃ³n_menor_a_5_aÃ±os,_desglosada_por_tipo_(emaciaciÃ³n_y_sobrepeso)",	30,"Veracruz_de_Ignacio_de_la_Llave","2024","ND","ND","ND","ND","ND",
"Prevalencia_de_la_malnutriciÃ³n_(peso_para_la_estatura,_desviaciÃ³n_tÃ­pica_>_+2_o_<_-2_de_la_mediana_de_los_patrones_de_crecimiento_infantil_de_la_OMS)_entre_la_poblaciÃ³n_menor_a_5_aÃ±os,_desglosada_por_tipo_(emaciaciÃ³n_y_sobrepeso)",	31,"YucatÃ¡n","2024","ND","ND","ND","ND","ND",
"Prevalencia_de_la_malnutriciÃ³n_(peso_para_la_estatura,_desviaciÃ³n_tÃ­pica_>_+2_o_<_-2_de_la_mediana_de_los_patrones_de_crecimiento_infantil_de_la_OMS)_entre_la_poblaciÃ³n_menor_a_5_aÃ±os,_desglosada_por_tipo_(emaciaciÃ³n_y_sobrepeso)",	32,"Zacatecas","2024","ND","ND","ND","ND","ND",
"Prevalencia_de_la_malnutriciÃ³n_(peso_para_la_estatura,_desviaciÃ³n_tÃ­pica_>_+2_o_<_-2_de_la_mediana_de_los_patrones_de_crecimiento_infantil_de_la_OMS)_entre_la_poblaciÃ³n_menor_a_5_aÃ±os,_desglosada_por_tipo_(emaciaciÃ³n_y_sobrepeso)",	00,"Estados_Unidos_Mexicanos","2023","5.9080919","5.5106817","6.9949509","5.0766662","6.7784909",
"Prevalencia_de_la_malnutriciÃ³n_(peso_para_la_estatura,_desviaciÃ³n_tÃ­pica_>_+2_o_<_-2_de_la_mediana_de_los_patrones_de_crecimiento_infantil_de_la_OMS)_entre_la_poblaciÃ³n_menor_a_5_aÃ±os,_desglosada_por_tipo_(emaciaciÃ³n_y_sobrepeso)",	01,"Aguascalientes","2023","ND","ND","ND","ND","ND",
"Prevalencia_de_la_malnutriciÃ³n_(peso_para_la_estatura,_desviaciÃ³n_tÃ­pica_>_+2_o_<_-2_de_la_mediana_de_los_patrones_de_crecimiento_infantil_de_la_OMS)_entre_la_poblaciÃ³n_menor_a_5_aÃ±os,_desglosada_por_tipo_(emaciaciÃ³n_y_sobrepeso)",	02,"Baja_California","2023","ND","ND","ND","ND","ND",
"Prevalencia_de_la_malnutriciÃ³n_(peso_para_la_estatura,_desviaciÃ³n_tÃ­pica_>_+2_o_<_-2_de_la_mediana_de_los_patrones_de_crecimiento_infantil_de_la_OMS)_entre_la_poblaciÃ³n_menor_a_5_aÃ±os,_desglosada_por_tipo_(emaciaciÃ³n_y_sobrepeso)",	03,"Baja_California_Sur","2023","ND","ND","ND","ND","ND",
"Prevalencia_de_la_malnutriciÃ³n_(peso_para_la_estatura,_desviaciÃ³n_tÃ­pica_>_+2_o_<_-2_de_la_mediana_de_los_patrones_de_crecimiento_infantil_de_la_OMS)_entre_la_poblaciÃ³n_menor_a_5_aÃ±os,_desglosada_por_tipo_(emaciaciÃ³n_y_sobrepeso)",	04,"Campeche","2023","ND","ND","ND","ND","ND",
"Prevalencia_de_la_malnutriciÃ³n_(peso_para_la_estatura,_desviaciÃ³n_tÃ­pica_>_+2_o_<_-2_de_la_mediana_de_los_patrones_de_crecimiento_infantil_de_la_OMS)_entre_la_poblaciÃ³n_menor_a_5_aÃ±os,_desglosada_por_tipo_(emaciaciÃ³n_y_sobrepeso)",	05,"Coahuila_de_Zaragoza","2023","ND","ND","ND","ND","ND",
"Prevalencia_de_la_malnutriciÃ³n_(peso_para_la_estatura,_desviaciÃ³n_tÃ­pica_>_+2_o_<_-2_de_la_mediana_de_los_patrones_de_crecimiento_infantil_de_la_OMS)_entre_la_poblaciÃ³n_menor_a_5_aÃ±os,_desglosada_por_tipo_(emaciaciÃ³n_y_sobrepeso)",	06,"Colima","2023","ND","ND","ND","ND","ND",
"Prevalencia_de_la_malnutriciÃ³n_(peso_para_la_estatura,_desviaciÃ³n_tÃ­pica_>_+2_o_<_-2_de_la_mediana_de_los_patrones_de_crecimiento_infantil_de_la_OMS)_entre_la_poblaciÃ³n_menor_a_5_aÃ±os,_desglosada_por_tipo_(emaciaciÃ³n_y_sobrepeso)",	07,"Chiapas","2023","ND","ND","ND","ND","ND",
"Prevalencia_de_la_malnutriciÃ³n_(peso_para_la_estatura,_desviaciÃ³n_tÃ­pica_>_+2_o_<_-2_de_la_mediana_de_los_patrones_de_crecimiento_infantil_de_la_OMS)_entre_la_poblaciÃ³n_menor_a_5_aÃ±os,_desglosada_por_tipo_(emaciaciÃ³n_y_sobrepeso)",	08,"Chihuahua","2023","ND","ND","ND","ND","ND",
"Prevalencia_de_la_malnutriciÃ³n_(peso_para_la_estatura,_desviaciÃ³n_tÃ­pica_>_+2_o_<_-2_de_la_mediana_de_los_patrones_de_crecimiento_infantil_de_la_OMS)_entre_la_poblaciÃ³n_menor_a_5_aÃ±os,_desglosada_por_tipo_(emaciaciÃ³n_y_sobrepeso)",	09,"Ciudad_de_MÃ©xico","2023","ND","ND","ND","ND","ND",
"Prevalencia_de_la_malnutriciÃ³n_(peso_para_la_estatura,_desviaciÃ³n_tÃ­pica_>_+2_o_<_-2_de_la_mediana_de_los_patrones_de_crecimiento_infantil_de_la_OMS)_entre_la_poblaciÃ³n_menor_a_5_aÃ±os,_desglosada_por_tipo_(emaciaciÃ³n_y_sobrepeso)",	10,"Durango","2023","ND","ND","ND","ND","ND",
"Prevalencia_de_la_malnutriciÃ³n_(peso_para_la_estatura,_desviaciÃ³n_tÃ­pica_>_+2_o_<_-2_de_la_mediana_de_los_patrones_de_crecimiento_infantil_de_la_OMS)_entre_la_poblaciÃ³n_menor_a_5_aÃ±os,_desglosada_por_tipo_(emaciaciÃ³n_y_sobrepeso)",	11,"Guanajuato","2023","ND","ND","ND","ND","ND",
"Prevalencia_de_la_malnutriciÃ³n_(peso_para_la_estatura,_desviaciÃ³n_tÃ­pica_>_+2_o_<_-2_de_la_mediana_de_los_patrones_de_crecimiento_infantil_de_la_OMS)_entre_la_poblaciÃ³n_menor_a_5_aÃ±os,_desglosada_por_tipo_(emaciaciÃ³n_y_sobrepeso)",	12,"Guerrero","2023","ND","ND","ND","ND","ND",
"Prevalencia_de_la_malnutriciÃ³n_(peso_para_la_estatura,_desviaciÃ³n_tÃ­pica_>_+2_o_<_-2_de_la_mediana_de_los_patrones_de_crecimiento_infantil_de_la_OMS)_entre_la_poblaciÃ³n_menor_a_5_aÃ±os,_desglosada_por_tipo_(emaciaciÃ³n_y_sobrepeso)",	13,"Hidalgo","2023","ND","ND","ND","ND","ND",
"Prevalencia_de_la_malnutriciÃ³n_(peso_para_la_estatura,_desviaciÃ³n_tÃ­pica_>_+2_o_<_-2_de_la_mediana_de_los_patrones_de_crecimiento_infantil_de_la_OMS)_entre_la_poblaciÃ³n_menor_a_5_aÃ±os,_desglosada_por_tipo_(emaciaciÃ³n_y_sobrepeso)",	14,"Jalisco","2023","ND","ND","ND","ND","ND",
"Prevalencia_de_la_malnutriciÃ³n_(peso_para_la_estatura,_desviaciÃ³n_tÃ­pica_>_+2_o_<_-2_de_la_mediana_de_los_patrones_de_crecimiento_infantil_de_la_OMS)_entre_la_poblaciÃ³n_menor_a_5_aÃ±os,_desglosada_por_tipo_(emaciaciÃ³n_y_sobrepeso)",	15,"MÃ©xico","2023","ND","ND","ND","ND","ND",
"Prevalencia_de_la_malnutriciÃ³n_(peso_para_la_estatura,_desviaciÃ³n_tÃ­pica_>_+2_o_<_-2_de_la_mediana_de_los_patrones_de_crecimiento_infantil_de_la_OMS)_entre_la_poblaciÃ³n_menor_a_5_aÃ±os,_desglosada_por_tipo_(emaciaciÃ³n_y_sobrepeso)",	16,"MichoacÃ¡n_de_Ocampo","2023","ND","ND","ND","ND","ND",
"Prevalencia_de_la_malnutriciÃ³n_(peso_para_la_estatura,_desviaciÃ³n_tÃ­pica_>_+2_o_<_-2_de_la_mediana_de_los_patrones_de_crecimiento_infantil_de_la_OMS)_entre_la_poblaciÃ³n_menor_a_5_aÃ±os,_desglosada_por_tipo_(emaciaciÃ³n_y_sobrepeso)",	17,"Morelos","2023","ND","ND","ND","ND","ND",
"Prevalencia_de_la_malnutriciÃ³n_(peso_para_la_estatura,_desviaciÃ³n_tÃ­pica_>_+2_o_<_-2_de_la_mediana_de_los_patrones_de_crecimiento_infantil_de_la_OMS)_entre_la_poblaciÃ³n_menor_a_5_aÃ±os,_desglosada_por_tipo_(emaciaciÃ³n_y_sobrepeso)",	18,"Nayarit","2023","ND","ND","ND","ND","ND",
"Prevalencia_de_la_malnutriciÃ³n_(peso_para_la_estatura,_desviaciÃ³n_tÃ­pica_>_+2_o_<_-2_de_la_mediana_de_los_patrones_de_crecimiento_infantil_de_la_OMS)_entre_la_poblaciÃ³n_menor_a_5_aÃ±os,_desglosada_por_tipo_(emaciaciÃ³n_y_sobrepeso)",	19,"Nuevo_LeÃ³n","2023","ND","ND","ND","ND","ND",
"Prevalencia_de_la_malnutriciÃ³n_(peso_para_la_estatura,_desviaciÃ³n_tÃ­pica_>_+2_o_<_-2_de_la_mediana_de_los_patrones_de_crecimiento_infantil_de_la_OMS)_entre_la_poblaciÃ³n_menor_a_5_aÃ±os,_desglosada_por_tipo_(emaciaciÃ³n_y_sobrepeso)",	20,"Oaxaca","2023","ND","ND","ND","ND","ND",
"Prevalencia_de_la_malnutriciÃ³n_(peso_para_la_estatura,_desviaciÃ³n_tÃ­pica_>_+2_o_<_-2_de_la_mediana_de_los_patrones_de_crecimiento_infantil_de_la_OMS)_entre_la_poblaciÃ³n_menor_a_5_aÃ±os,_desglosada_por_tipo_(emaciaciÃ³n_y_sobrepeso)",	21,"Puebla","2023","ND","ND","ND","ND","ND",
"Prevalencia_de_la_malnutriciÃ³n_(peso_para_la_estatura,_desviaciÃ³n_tÃ­pica_>_+2_o_<_-2_de_la_mediana_de_los_patrones_de_crecimiento_infantil_de_la_OMS)_entre_la_poblaciÃ³n_menor_a_5_aÃ±os,_desglosada_por_tipo_(emaciaciÃ³n_y_sobrepeso)",	22,"QuerÃ©taro","2023","ND","ND","ND","ND","ND",
"Prevalencia_de_la_malnutriciÃ³n_(peso_para_la_estatura,_desviaciÃ³n_tÃ­pica_>_+2_o_<_-2_de_la_mediana_de_los_patrones_de_crecimiento_infantil_de_la_OMS)_entre_la_poblaciÃ³n_menor_a_5_aÃ±os,_desglosada_por_tipo_(emaciaciÃ³n_y_sobrepeso)",	23,"Quintana_Roo","2023","ND","ND","ND","ND","ND",
"Prevalencia_de_la_malnutriciÃ³n_(peso_para_la_estatura,_desviaciÃ³n_tÃ­pica_>_+2_o_<_-2_de_la_mediana_de_los_patrones_de_crecimiento_infantil_de_la_OMS)_entre_la_poblaciÃ³n_menor_a_5_aÃ±os,_desglosada_por_tipo_(emaciaciÃ³n_y_sobrepeso)",	24,"San_Luis_PotosÃ­","2023","ND","ND","ND","ND","ND",
"Prevalencia_de_la_malnutriciÃ³n_(peso_para_la_estatura,_desviaciÃ³n_tÃ­pica_>_+2_o_<_-2_de_la_mediana_de_los_patrones_de_crecimiento_infantil_de_la_OMS)_entre_la_poblaciÃ³n_menor_a_5_aÃ±os,_desglosada_por_tipo_(emaciaciÃ³n_y_sobrepeso)",	25,"Sinaloa","2023","ND","ND","ND","ND","ND",
"Prevalencia_de_la_malnutriciÃ³n_(peso_para_la_estatura,_desviaciÃ³n_tÃ­pica_>_+2_o_<_-2_de_la_mediana_de_los_patrones_de_crecimiento_infantil_de_la_OMS)_entre_la_poblaciÃ³n_menor_a_5_aÃ±os,_desglosada_por_tipo_(emaciaciÃ³n_y_sobrepeso)",	26,"Sonora","2023","ND","ND","ND","ND","ND",
"Prevalencia_de_la_malnutriciÃ³n_(peso_para_la_estatura,_desviaciÃ³n_tÃ­pica_>_+2_o_<_-2_de_la_mediana_de_los_patrones_de_crecimiento_infantil_de_la_OMS)_entre_la_poblaciÃ³n_menor_a_5_aÃ±os,_desglosada_por_tipo_(emaciaciÃ³n_y_sobrepeso)",	27,"Tabasco","2023","ND","ND","ND","ND","ND",
"Prevalencia_de_la_malnutriciÃ³n_(peso_para_la_estatura,_desviaciÃ³n_tÃ­pica_>_+2_o_<_-2_de_la_mediana_de_los_patrones_de_crecimiento_infantil_de_la_OMS)_entre_la_poblaciÃ³n_menor_a_5_aÃ±os,_desglosada_por_tipo_(emaciaciÃ³n_y_sobrepeso)",	28,"Tamaulipas","2023","ND","ND","ND","ND","ND",
"Prevalencia_de_la_malnutriciÃ³n_(peso_para_la_estatura,_desviaciÃ³n_tÃ­pica_>_+2_o_<_-2_de_la_mediana_de_los_patrones_de_crecimiento_infantil_de_la_OMS)_entre_la_poblaciÃ³n_menor_a_5_aÃ±os,_desglosada_por_tipo_(emaciaciÃ³n_y_sobrepeso)",	29,"Tlaxcala","2023","ND","ND","ND","ND","ND",
"Prevalencia_de_la_malnutriciÃ³n_(peso_para_la_estatura,_desviaciÃ³n_tÃ­pica_>_+2_o_<_-2_de_la_mediana_de_los_patrones_de_crecimiento_infantil_de_la_OMS)_entre_la_poblaciÃ³n_menor_a_5_aÃ±os,_desglosada_por_tipo_(emaciaciÃ³n_y_sobrepeso)",	30,"Veracruz_de_Ignacio_de_la_Llave","2023","ND","ND","ND","ND","ND",
"Prevalencia_de_la_malnutriciÃ³n_(peso_para_la_estatura,_desviaciÃ³n_tÃ­pica_>_+2_o_<_-2_de_la_mediana_de_los_patrones_de_crecimiento_infantil_de_la_OMS)_entre_la_poblaciÃ³n_menor_a_5_aÃ±os,_desglosada_por_tipo_(emaciaciÃ³n_y_sobrepeso)",	31,"YucatÃ¡n","2023","ND","ND","ND","ND","ND",
"Prevalencia_de_la_malnutriciÃ³n_(peso_para_la_estatura,_desviaciÃ³n_tÃ­pica_>_+2_o_<_-2_de_la_mediana_de_los_patrones_de_crecimiento_infantil_de_la_OMS)_entre_la_poblaciÃ³n_menor_a_5_aÃ±os,_desglosada_por_tipo_(emaciaciÃ³n_y_sobrepeso)",	32,"Zacatecas","2023","ND","ND","ND","ND","ND",
"Prevalencia_de_la_malnutriciÃ³n_(peso_para_la_estatura,_desviaciÃ³n_tÃ­pica_>_+2_o_<_-2_de_la_mediana_de_los_patrones_de_crecimiento_infantil_de_la_OMS)_entre_la_poblaciÃ³n_menor_a_5_aÃ±os,_desglosada_por_tipo_(emaciaciÃ³n_y_sobrepeso)",	00,"Estados_Unidos_Mexicanos","2022","7.9","8.3","6.8","8.1","7.7",
"Prevalencia_de_la_malnutriciÃ³n_(peso_para_la_estatura,_desviaciÃ³n_tÃ­pica_>_+2_o_<_-2_de_la_mediana_de_los_patrones_de_crecimiento_infantil_de_la_OMS)_entre_la_poblaciÃ³n_menor_a_5_aÃ±os,_desglosada_por_tipo_(emaciaciÃ³n_y_sobrepeso)",	01,"Aguascalientes","2022","ND","ND","ND","ND","ND",
"Prevalencia_de_la_malnutriciÃ³n_(peso_para_la_estatura,_desviaciÃ³n_tÃ­pica_>_+2_o_<_-2_de_la_mediana_de_los_patrones_de_crecimiento_infantil_de_la_OMS)_entre_la_poblaciÃ³n_menor_a_5_aÃ±os,_desglosada_por_tipo_(emaciaciÃ³n_y_sobrepeso)",	02,"Baja_California","2022","ND","ND","ND","ND","ND",
"Prevalencia_de_la_malnutriciÃ³n_(peso_para_la_estatura,_desviaciÃ³n_tÃ­pica_>_+2_o_<_-2_de_la_mediana_de_los_patrones_de_crecimiento_infantil_de_la_OMS)_entre_la_poblaciÃ³n_menor_a_5_aÃ±os,_desglosada_por_tipo_(emaciaciÃ³n_y_sobrepeso)",	03,"Baja_California_Sur","2022","ND","ND","ND","ND","ND",
"Prevalencia_de_la_malnutriciÃ³n_(peso_para_la_estatura,_desviaciÃ³n_tÃ­pica_>_+2_o_<_-2_de_la_mediana_de_los_patrones_de_crecimiento_infantil_de_la_OMS)_entre_la_poblaciÃ³n_menor_a_5_aÃ±os,_desglosada_por_tipo_(emaciaciÃ³n_y_sobrepeso)",	04,"Campeche","2022","ND","ND","ND","ND","ND",
"Prevalencia_de_la_malnutriciÃ³n_(peso_para_la_estatura,_desviaciÃ³n_tÃ­pica_>_+2_o_<_-2_de_la_mediana_de_los_patrones_de_crecimiento_infantil_de_la_OMS)_entre_la_poblaciÃ³n_menor_a_5_aÃ±os,_desglosada_por_tipo_(emaciaciÃ³n_y_sobrepeso)",	05,"Coahuila_de_Zaragoza","2022","ND","ND","ND","ND","ND",
"Prevalencia_de_la_malnutriciÃ³n_(peso_para_la_estatura,_desviaciÃ³n_tÃ­pica_>_+2_o_<_-2_de_la_mediana_de_los_patrones_de_crecimiento_infantil_de_la_OMS)_entre_la_poblaciÃ³n_menor_a_5_aÃ±os,_desglosada_por_tipo_(emaciaciÃ³n_y_sobrepeso)",	06,"Colima","2022","ND","ND","ND","ND","ND",
"Prevalencia_de_la_malnutriciÃ³n_(peso_para_la_estatura,_desviaciÃ³n_tÃ­pica_>_+2_o_<_-2_de_la_mediana_de_los_patrones_de_crecimiento_infantil_de_la_OMS)_entre_la_poblaciÃ³n_menor_a_5_aÃ±os,_desglosada_por_tipo_(emaciaciÃ³n_y_sobrepeso)",	07,"Chiapas","2022","ND","ND","ND","ND","ND",
"Prevalencia_de_la_malnutriciÃ³n_(peso_para_la_estatura,_desviaciÃ³n_tÃ­pica_>_+2_o_<_-2_de_la_mediana_de_los_patrones_de_crecimiento_infantil_de_la_OMS)_entre_la_poblaciÃ³n_menor_a_5_aÃ±os,_desglosada_por_tipo_(emaciaciÃ³n_y_sobrepeso)",	08,"Chihuahua","2022","ND","ND","ND","ND","ND",
"Prevalencia_de_la_malnutriciÃ³n_(peso_para_la_estatura,_desviaciÃ³n_tÃ­pica_>_+2_o_<_-2_de_la_mediana_de_los_patrones_de_crecimiento_infantil_de_la_OMS)_entre_la_poblaciÃ³n_menor_a_5_aÃ±os,_desglosada_por_tipo_(emaciaciÃ³n_y_sobrepeso)",	09,"Ciudad_de_MÃ©xico","2022","ND","ND","ND","ND","ND",
"Prevalencia_de_la_malnutriciÃ³n_(peso_para_la_estatura,_desviaciÃ³n_tÃ­pica_>_+2_o_<_-2_de_la_mediana_de_los_patrones_de_crecimiento_infantil_de_la_OMS)_entre_la_poblaciÃ³n_menor_a_5_aÃ±os,_desglosada_por_tipo_(emaciaciÃ³n_y_sobrepeso)",	10,"Durango","2022","ND","ND","ND","ND","ND",
"Prevalencia_de_la_malnutriciÃ³n_(peso_para_la_estatura,_desviaciÃ³n_tÃ­pica_>_+2_o_<_-2_de_la_mediana_de_los_patrones_de_crecimiento_infantil_de_la_OMS)_entre_la_poblaciÃ³n_menor_a_5_aÃ±os,_desglosada_por_tipo_(emaciaciÃ³n_y_sobrepeso)",	11,"Guanajuato","2022","ND","ND","ND","ND","ND",
"Prevalencia_de_la_malnutriciÃ³n_(peso_para_la_estatura,_desviaciÃ³n_tÃ­pica_>_+2_o_<_-2_de_la_mediana_de_los_patrones_de_crecimiento_infantil_de_la_OMS)_entre_la_poblaciÃ³n_menor_a_5_aÃ±os,_desglosada_por_tipo_(emaciaciÃ³n_y_sobrepeso)",	12,"Guerrero","2022","ND","ND","ND","ND","ND",
"Prevalencia_de_la_malnutriciÃ³n_(peso_para_la_estatura,_desviaciÃ³n_tÃ­pica_>_+2_o_<_-2_de_la_mediana_de_los_patrones_de_crecimiento_infantil_de_la_OMS)_entre_la_poblaciÃ³n_menor_a_5_aÃ±os,_desglosada_por_tipo_(emaciaciÃ³n_y_sobrepeso)",	13,"Hidalgo","2022","ND","ND","ND","ND","ND",
"Prevalencia_de_la_malnutriciÃ³n_(peso_para_la_estatura,_desviaciÃ³n_tÃ­pica_>_+2_o_<_-2_de_la_mediana_de_los_patrones_de_crecimiento_infantil_de_la_OMS)_entre_la_poblaciÃ³n_menor_a_5_aÃ±os,_desglosada_por_tipo_(emaciaciÃ³n_y_sobrepeso)",	14,"Jalisco","2022","ND","ND","ND","ND","ND",
"Prevalencia_de_la_malnutriciÃ³n_(peso_para_la_estatura,_desviaciÃ³n_tÃ­pica_>_+2_o_<_-2_de_la_mediana_de_los_patrones_de_crecimiento_infantil_de_la_OMS)_entre_la_poblaciÃ³n_menor_a_5_aÃ±os,_desglosada_por_tipo_(emaciaciÃ³n_y_sobrepeso)",	15,"MÃ©xico","2022","ND","ND","ND","ND","ND",
"Prevalencia_de_la_malnutriciÃ³n_(peso_para_la_estatura,_desviaciÃ³n_tÃ­pica_>_+2_o_<_-2_de_la_mediana_de_los_patrones_de_crecimiento_infantil_de_la_OMS)_entre_la_poblaciÃ³n_menor_a_5_aÃ±os,_desglosada_por_tipo_(emaciaciÃ³n_y_sobrepeso)",	16,"MichoacÃ¡n_de_Ocampo","2022","ND","ND","ND","ND","ND",
"Prevalencia_de_la_malnutriciÃ³n_(peso_para_la_estatura,_desviaciÃ³n_tÃ­pica_>_+2_o_<_-2_de_la_mediana_de_los_patrones_de_crecimiento_infantil_de_la_OMS)_entre_la_poblaciÃ³n_menor_a_5_aÃ±os,_desglosada_por_tipo_(emaciaciÃ³n_y_sobrepeso)",	17,"Morelos","2022","ND","ND","ND","ND","ND",
"Prevalencia_de_la_malnutriciÃ³n_(peso_para_la_estatura,_desviaciÃ³n_tÃ­pica_>_+2_o_<_-2_de_la_mediana_de_los_patrones_de_crecimiento_infantil_de_la_OMS)_entre_la_poblaciÃ³n_menor_a_5_aÃ±os,_desglosada_por_tipo_(emaciaciÃ³n_y_sobrepeso)",	18,"Nayarit","2022","ND","ND","ND","ND","ND",
"Prevalencia_de_la_malnutriciÃ³n_(peso_para_la_estatura,_desviaciÃ³n_tÃ­pica_>_+2_o_<_-2_de_la_mediana_de_los_patrones_de_crecimiento_infantil_de_la_OMS)_entre_la_poblaciÃ³n_menor_a_5_aÃ±os,_desglosada_por_tipo_(emaciaciÃ³n_y_sobrepeso)",	19,"Nuevo_LeÃ³n","2022","ND","ND","ND","ND","ND",
"Prevalencia_de_la_malnutriciÃ³n_(peso_para_la_estatura,_desviaciÃ³n_tÃ­pica_>_+2_o_<_-2_de_la_mediana_de_los_patrones_de_crecimiento_infantil_de_la_OMS)_entre_la_poblaciÃ³n_menor_a_5_aÃ±os,_desglosada_por_tipo_(emaciaciÃ³n_y_sobrepeso)",	20,"Oaxaca","2022","ND","ND","ND","ND","ND",
"Prevalencia_de_la_malnutriciÃ³n_(peso_para_la_estatura,_desviaciÃ³n_tÃ­pica_>_+2_o_<_-2_de_la_mediana_de_los_patrones_de_crecimiento_infantil_de_la_OMS)_entre_la_poblaciÃ³n_menor_a_5_aÃ±os,_desglosada_por_tipo_(emaciaciÃ³n_y_sobrepeso)",	21,"Puebla","2022","ND","ND","ND","ND","ND",
"Prevalencia_de_la_malnutriciÃ³n_(peso_para_la_estatura,_desviaciÃ³n_tÃ­pica_>_+2_o_<_-2_de_la_mediana_de_los_patrones_de_crecimiento_infantil_de_la_OMS)_entre_la_poblaciÃ³n_menor_a_5_aÃ±os,_desglosada_por_tipo_(emaciaciÃ³n_y_sobrepeso)",	22,"QuerÃ©taro","2022","ND","ND","ND","ND","ND",
"Prevalencia_de_la_malnutriciÃ³n_(peso_para_la_estatura,_desviaciÃ³n_tÃ­pica_>_+2_o_<_-2_de_la_mediana_de_los_patrones_de_crecimiento_infantil_de_la_OMS)_entre_la_poblaciÃ³n_menor_a_5_aÃ±os,_desglosada_por_tipo_(emaciaciÃ³n_y_sobrepeso)",	23,"Quintana_Roo","2022","ND","ND","ND","ND","ND",
"Prevalencia_de_la_malnutriciÃ³n_(peso_para_la_estatura,_desviaciÃ³n_tÃ­pica_>_+2_o_<_-2_de_la_mediana_de_los_patrones_de_crecimiento_infantil_de_la_OMS)_entre_la_poblaciÃ³n_menor_a_5_aÃ±os,_desglosada_por_tipo_(emaciaciÃ³n_y_sobrepeso)",	24,"San_Luis_PotosÃ­","2022","ND","ND","ND","ND","ND",
"Prevalencia_de_la_malnutriciÃ³n_(peso_para_la_estatura,_desviaciÃ³n_tÃ­pica_>_+2_o_<_-2_de_la_mediana_de_los_patrones_de_crecimiento_infantil_de_la_OMS)_entre_la_poblaciÃ³n_menor_a_5_aÃ±os,_desglosada_por_tipo_(emaciaciÃ³n_y_sobrepeso)",	25,"Sinaloa","2022","ND","ND","ND","ND","ND",
"Prevalencia_de_la_malnutriciÃ³n_(peso_para_la_estatura,_desviaciÃ³n_tÃ­pica_>_+2_o_<_-2_de_la_mediana_de_los_patrones_de_crecimiento_infantil_de_la_OMS)_entre_la_poblaciÃ³n_menor_a_5_aÃ±os,_desglosada_por_tipo_(emaciaciÃ³n_y_sobrepeso)",	26,"Sonora","2022","ND","ND","ND","ND","ND",
"Prevalencia_de_la_malnutriciÃ³n_(peso_para_la_estatura,_desviaciÃ³n_tÃ­pica_>_+2_o_<_-2_de_la_mediana_de_los_patrones_de_crecimiento_infantil_de_la_OMS)_entre_la_poblaciÃ³n_menor_a_5_aÃ±os,_desglosada_por_tipo_(emaciaciÃ³n_y_sobrepeso)",	27,"Tabasco","2022","ND","ND","ND","ND","ND",
"Prevalencia_de_la_malnutriciÃ³n_(peso_para_la_estatura,_desviaciÃ³n_tÃ­pica_>_+2_o_<_-2_de_la_mediana_de_los_patrones_de_crecimiento_infantil_de_la_OMS)_entre_la_poblaciÃ³n_menor_a_5_aÃ±os,_desglosada_por_tipo_(emaciaciÃ³n_y_sobrepeso)",	28,"Tamaulipas","2022","ND","ND","ND","ND","ND",
"Prevalencia_de_la_malnutriciÃ³n_(peso_para_la_estatura,_desviaciÃ³n_tÃ­pica_>_+2_o_<_-2_de_la_mediana_de_los_patrones_de_crecimiento_infantil_de_la_OMS)_entre_la_poblaciÃ³n_menor_a_5_aÃ±os,_desglosada_por_tipo_(emaciaciÃ³n_y_sobrepeso)",	29,"Tlaxcala","2022","ND","ND","ND","ND","ND",
"Prevalencia_de_la_malnutriciÃ³n_(peso_para_la_estatura,_desviaciÃ³n_tÃ­pica_>_+2_o_<_-2_de_la_mediana_de_los_patrones_de_crecimiento_infantil_de_la_OMS)_entre_la_poblaciÃ³n_menor_a_5_aÃ±os,_desglosada_por_tipo_(emaciaciÃ³n_y_sobrepeso)",	30,"Veracruz_de_Ignacio_de_la_Llave","2022","ND","ND","ND","ND","ND",
"Prevalencia_de_la_malnutriciÃ³n_(peso_para_la_estatura,_desviaciÃ³n_tÃ­pica_>_+2_o_<_-2_de_la_mediana_de_los_patrones_de_crecimiento_infantil_de_la_OMS)_entre_la_poblaciÃ³n_menor_a_5_aÃ±os,_desglosada_por_tipo_(emaciaciÃ³n_y_sobrepeso)",	31,"YucatÃ¡n","2022","ND","ND","ND","ND","ND",
"Prevalencia_de_la_malnutriciÃ³n_(peso_para_la_estatura,_desviaciÃ³n_tÃ­pica_>_+2_o_<_-2_de_la_mediana_de_los_patrones_de_crecimiento_infantil_de_la_OMS)_entre_la_poblaciÃ³n_menor_a_5_aÃ±os,_desglosada_por_tipo_(emaciaciÃ³n_y_sobrepeso)",	32,"Zacatecas","2022","ND","ND","ND","ND","ND",
"Prevalencia_de_la_malnutriciÃ³n_(peso_para_la_estatura,_desviaciÃ³n_tÃ­pica_>_+2_o_<_-2_de_la_mediana_de_los_patrones_de_crecimiento_infantil_de_la_OMS)_entre_la_poblaciÃ³n_menor_a_5_aÃ±os,_desglosada_por_tipo_(emaciaciÃ³n_y_sobrepeso)",	00,"Estados_Unidos_Mexicanos","2021","8.7","9.84","5.61","8.33","9.06",
"Prevalencia_de_la_malnutriciÃ³n_(peso_para_la_estatura,_desviaciÃ³n_tÃ­pica_>_+2_o_<_-2_de_la_mediana_de_los_patrones_de_crecimiento_infantil_de_la_OMS)_entre_la_poblaciÃ³n_menor_a_5_aÃ±os,_desglosada_por_tipo_(emaciaciÃ³n_y_sobrepeso)",	01,"Aguascalientes","2021","ND","ND","ND","ND","ND",
"Prevalencia_de_la_malnutriciÃ³n_(peso_para_la_estatura,_desviaciÃ³n_tÃ­pica_>_+2_o_<_-2_de_la_mediana_de_los_patrones_de_crecimiento_infantil_de_la_OMS)_entre_la_poblaciÃ³n_menor_a_5_aÃ±os,_desglosada_por_tipo_(emaciaciÃ³n_y_sobrepeso)",	02,"Baja_California","2021","ND","ND","ND","ND","ND",
"Prevalencia_de_la_malnutriciÃ³n_(peso_para_la_estatura,_desviaciÃ³n_tÃ­pica_>_+2_o_<_-2_de_la_mediana_de_los_patrones_de_crecimiento_infantil_de_la_OMS)_entre_la_poblaciÃ³n_menor_a_5_aÃ±os,_desglosada_por_tipo_(emaciaciÃ³n_y_sobrepeso)",	03,"Baja_California_Sur","2021","ND","ND","ND","ND","ND",
"Prevalencia_de_la_malnutriciÃ³n_(peso_para_la_estatura,_desviaciÃ³n_tÃ­pica_>_+2_o_<_-2_de_la_mediana_de_los_patrones_de_crecimiento_infantil_de_la_OMS)_entre_la_poblaciÃ³n_menor_a_5_aÃ±os,_desglosada_por_tipo_(emaciaciÃ³n_y_sobrepeso)",	04,"Campeche","2021","ND","ND","ND","ND","ND",
"Prevalencia_de_la_malnutriciÃ³n_(peso_para_la_estatura,_desviaciÃ³n_tÃ­pica_>_+2_o_<_-2_de_la_mediana_de_los_patrones_de_crecimiento_infantil_de_la_OMS)_entre_la_poblaciÃ³n_menor_a_5_aÃ±os,_desglosada_por_tipo_(emaciaciÃ³n_y_sobrepeso)",	05,"Coahuila_de_Zaragoza","2021","ND","ND","ND","ND","ND",
"Prevalencia_de_la_malnutriciÃ³n_(peso_para_la_estatura,_desviaciÃ³n_tÃ­pica_>_+2_o_<_-2_de_la_mediana_de_los_patrones_de_crecimiento_infantil_de_la_OMS)_entre_la_poblaciÃ³n_menor_a_5_aÃ±os,_desglosada_por_tipo_(emaciaciÃ³n_y_sobrepeso)",	06,"Colima","2021","ND","ND","ND","ND","ND",
"Prevalencia_de_la_malnutriciÃ³n_(peso_para_la_estatura,_desviaciÃ³n_tÃ­pica_>_+2_o_<_-2_de_la_mediana_de_los_patrones_de_crecimiento_infantil_de_la_OMS)_entre_la_poblaciÃ³n_menor_a_5_aÃ±os,_desglosada_por_tipo_(emaciaciÃ³n_y_sobrepeso)",	07,"Chiapas","2021","ND","ND","ND","ND","ND",
"Prevalencia_de_la_malnutriciÃ³n_(peso_para_la_estatura,_desviaciÃ³n_tÃ­pica_>_+2_o_<_-2_de_la_mediana_de_los_patrones_de_crecimiento_infantil_de_la_OMS)_entre_la_poblaciÃ³n_menor_a_5_aÃ±os,_desglosada_por_tipo_(emaciaciÃ³n_y_sobrepeso)",	08,"Chihuahua","2021","ND","ND","ND","ND","ND",
"Prevalencia_de_la_malnutriciÃ³n_(peso_para_la_estatura,_desviaciÃ³n_tÃ­pica_>_+2_o_<_-2_de_la_mediana_de_los_patrones_de_crecimiento_infantil_de_la_OMS)_entre_la_poblaciÃ³n_menor_a_5_aÃ±os,_desglosada_por_tipo_(emaciaciÃ³n_y_sobrepeso)",	09,"Ciudad_de_MÃ©xico","2021","ND","ND","ND","ND","ND",
"Prevalencia_de_la_malnutriciÃ³n_(peso_para_la_estatura,_desviaciÃ³n_tÃ­pica_>_+2_o_<_-2_de_la_mediana_de_los_patrones_de_crecimiento_infantil_de_la_OMS)_entre_la_poblaciÃ³n_menor_a_5_aÃ±os,_desglosada_por_tipo_(emaciaciÃ³n_y_sobrepeso)",	10,"Durango","2021","ND","ND","ND","ND","ND",
"Prevalencia_de_la_malnutriciÃ³n_(peso_para_la_estatura,_desviaciÃ³n_tÃ­pica_>_+2_o_<_-2_de_la_mediana_de_los_patrones_de_crecimiento_infantil_de_la_OMS)_entre_la_poblaciÃ³n_menor_a_5_aÃ±os,_desglosada_por_tipo_(emaciaciÃ³n_y_sobrepeso)",	11,"Guanajuato","2021","ND","ND","ND","ND","ND",
"Prevalencia_de_la_malnutriciÃ³n_(peso_para_la_estatura,_desviaciÃ³n_tÃ­pica_>_+2_o_<_-2_de_la_mediana_de_los_patrones_de_crecimiento_infantil_de_la_OMS)_entre_la_poblaciÃ³n_menor_a_5_aÃ±os,_desglosada_por_tipo_(emaciaciÃ³n_y_sobrepeso)",	12,"Guerrero","2021","ND","ND","ND","ND","ND",
"Prevalencia_de_la_malnutriciÃ³n_(peso_para_la_estatura,_desviaciÃ³n_tÃ­pica_>_+2_o_<_-2_de_la_mediana_de_los_patrones_de_crecimiento_infantil_de_la_OMS)_entre_la_poblaciÃ³n_menor_a_5_aÃ±os,_desglosada_por_tipo_(emaciaciÃ³n_y_sobrepeso)",	13,"Hidalgo","2021","ND","ND","ND","ND","ND",
"Prevalencia_de_la_malnutriciÃ³n_(peso_para_la_estatura,_desviaciÃ³n_tÃ­pica_>_+2_o_<_-2_de_la_mediana_de_los_patrones_de_crecimiento_infantil_de_la_OMS)_entre_la_poblaciÃ³n_menor_a_5_aÃ±os,_desglosada_por_tipo_(emaciaciÃ³n_y_sobrepeso)",	14,"Jalisco","2021","ND","ND","ND","ND","ND",
"Prevalencia_de_la_malnutriciÃ³n_(peso_para_la_estatura,_desviaciÃ³n_tÃ­pica_>_+2_o_<_-2_de_la_mediana_de_los_patrones_de_crecimiento_infantil_de_la_OMS)_entre_la_poblaciÃ³n_menor_a_5_aÃ±os,_desglosada_por_tipo_(emaciaciÃ³n_y_sobrepeso)",	15,"MÃ©xico","2021","ND","ND","ND","ND","ND",
"Prevalencia_de_la_malnutriciÃ³n_(peso_para_la_estatura,_desviaciÃ³n_tÃ­pica_>_+2_o_<_-2_de_la_mediana_de_los_patrones_de_crecimiento_infantil_de_la_OMS)_entre_la_poblaciÃ³n_menor_a_5_aÃ±os,_desglosada_por_tipo_(emaciaciÃ³n_y_sobrepeso)",	16,"MichoacÃ¡n_de_Ocampo","2021","ND","ND","ND","ND","ND",
"Prevalencia_de_la_malnutriciÃ³n_(peso_para_la_estatura,_desviaciÃ³n_tÃ­pica_>_+2_o_<_-2_de_la_mediana_de_los_patrones_de_crecimiento_infantil_de_la_OMS)_entre_la_poblaciÃ³n_menor_a_5_aÃ±os,_desglosada_por_tipo_(emaciaciÃ³n_y_sobrepeso)",	17,"Morelos","2021","ND","ND","ND","ND","ND",
"Prevalencia_de_la_malnutriciÃ³n_(peso_para_la_estatura,_desviaciÃ³n_tÃ­pica_>_+2_o_<_-2_de_la_mediana_de_los_patrones_de_crecimiento_infantil_de_la_OMS)_entre_la_poblaciÃ³n_menor_a_5_aÃ±os,_desglosada_por_tipo_(emaciaciÃ³n_y_sobrepeso)",	18,"Nayarit","2021","ND","ND","ND","ND","ND",
"Prevalencia_de_la_malnutriciÃ³n_(peso_para_la_estatura,_desviaciÃ³n_tÃ­pica_>_+2_o_<_-2_de_la_mediana_de_los_patrones_de_crecimiento_infantil_de_la_OMS)_entre_la_poblaciÃ³n_menor_a_5_aÃ±os,_desglosada_por_tipo_(emaciaciÃ³n_y_sobrepeso)",	19,"Nuevo_LeÃ³n","2021","ND","ND","ND","ND","ND",
"Prevalencia_de_la_malnutriciÃ³n_(peso_para_la_estatura,_desviaciÃ³n_tÃ­pica_>_+2_o_<_-2_de_la_mediana_de_los_patrones_de_crecimiento_infantil_de_la_OMS)_entre_la_poblaciÃ³n_menor_a_5_aÃ±os,_desglosada_por_tipo_(emaciaciÃ³n_y_sobrepeso)",	20,"Oaxaca","2021","ND","ND","ND","ND","ND",
"Prevalencia_de_la_malnutriciÃ³n_(peso_para_la_estatura,_desviaciÃ³n_tÃ­pica_>_+2_o_<_-2_de_la_mediana_de_los_patrones_de_crecimiento_infantil_de_la_OMS)_entre_la_poblaciÃ³n_menor_a_5_aÃ±os,_desglosada_por_tipo_(emaciaciÃ³n_y_sobrepeso)",	21,"Puebla","2021","ND","ND","ND","ND","ND",
"Prevalencia_de_la_malnutriciÃ³n_(peso_para_la_estatura,_desviaciÃ³n_tÃ­pica_>_+2_o_<_-2_de_la_mediana_de_los_patrones_de_crecimiento_infantil_de_la_OMS)_entre_la_poblaciÃ³n_menor_a_5_aÃ±os,_desglosada_por_tipo_(emaciaciÃ³n_y_sobrepeso)",	22,"QuerÃ©taro","2021","ND","ND","ND","ND","ND",
"Prevalencia_de_la_malnutriciÃ³n_(peso_para_la_estatura,_desviaciÃ³n_tÃ­pica_>_+2_o_<_-2_de_la_mediana_de_los_patrones_de_crecimiento_infantil_de_la_OMS)_entre_la_poblaciÃ³n_menor_a_5_aÃ±os,_desglosada_por_tipo_(emaciaciÃ³n_y_sobrepeso)",	23,"Quintana_Roo","2021","ND","ND","ND","ND","ND",
"Prevalencia_de_la_malnutriciÃ³n_(peso_para_la_estatura,_desviaciÃ³n_tÃ­pica_>_+2_o_<_-2_de_la_mediana_de_los_patrones_de_crecimiento_infantil_de_la_OMS)_entre_la_poblaciÃ³n_menor_a_5_aÃ±os,_desglosada_por_tipo_(emaciaciÃ³n_y_sobrepeso)",	24,"San_Luis_PotosÃ­","2021","ND","ND","ND","ND","ND",
"Prevalencia_de_la_malnutriciÃ³n_(peso_para_la_estatura,_desviaciÃ³n_tÃ­pica_>_+2_o_<_-2_de_la_mediana_de_los_patrones_de_crecimiento_infantil_de_la_OMS)_entre_la_poblaciÃ³n_menor_a_5_aÃ±os,_desglosada_por_tipo_(emaciaciÃ³n_y_sobrepeso)",	25,"Sinaloa","2021","ND","ND","ND","ND","ND",
"Prevalencia_de_la_malnutriciÃ³n_(peso_para_la_estatura,_desviaciÃ³n_tÃ­pica_>_+2_o_<_-2_de_la_mediana_de_los_patrones_de_crecimiento_infantil_de_la_OMS)_entre_la_poblaciÃ³n_menor_a_5_aÃ±os,_desglosada_por_tipo_(emaciaciÃ³n_y_sobrepeso)",	26,"Sonora","2021","ND","ND","ND","ND","ND",
"Prevalencia_de_la_malnutriciÃ³n_(peso_para_la_estatura,_desviaciÃ³n_tÃ­pica_>_+2_o_<_-2_de_la_mediana_de_los_patrones_de_crecimiento_infantil_de_la_OMS)_entre_la_poblaciÃ³n_menor_a_5_aÃ±os,_desglosada_por_tipo_(emaciaciÃ³n_y_sobrepeso)",	27,"Tabasco","2021","ND","ND","ND","ND","ND",
"Prevalencia_de_la_malnutriciÃ³n_(peso_para_la_estatura,_desviaciÃ³n_tÃ­pica_>_+2_o_<_-2_de_la_mediana_de_los_patrones_de_crecimiento_infantil_de_la_OMS)_entre_la_poblaciÃ³n_menor_a_5_aÃ±os,_desglosada_por_tipo_(emaciaciÃ³n_y_sobrepeso)",	28,"Tamaulipas","2021","ND","ND","ND","ND","ND",
"Prevalencia_de_la_malnutriciÃ³n_(peso_para_la_estatura,_desviaciÃ³n_tÃ­pica_>_+2_o_<_-2_de_la_mediana_de_los_patrones_de_crecimiento_infantil_de_la_OMS)_entre_la_poblaciÃ³n_menor_a_5_aÃ±os,_desglosada_por_tipo_(emaciaciÃ³n_y_sobrepeso)",	29,"Tlaxcala","2021","ND","ND","ND","ND","ND",
"Prevalencia_de_la_malnutriciÃ³n_(peso_para_la_estatura,_desviaciÃ³n_tÃ­pica_>_+2_o_<_-2_de_la_mediana_de_los_patrones_de_crecimiento_infantil_de_la_OMS)_entre_la_poblaciÃ³n_menor_a_5_aÃ±os,_desglosada_por_tipo_(emaciaciÃ³n_y_sobrepeso)",	30,"Veracruz_de_Ignacio_de_la_Llave","2021","ND","ND","ND","ND","ND",
"Prevalencia_de_la_malnutriciÃ³n_(peso_para_la_estatura,_desviaciÃ³n_tÃ­pica_>_+2_o_<_-2_de_la_mediana_de_los_patrones_de_crecimiento_infantil_de_la_OMS)_entre_la_poblaciÃ³n_menor_a_5_aÃ±os,_desglosada_por_tipo_(emaciaciÃ³n_y_sobrepeso)",	31,"YucatÃ¡n","2021","ND","ND","ND","ND","ND",
"Prevalencia_de_la_malnutriciÃ³n_(peso_para_la_estatura,_desviaciÃ³n_tÃ­pica_>_+2_o_<_-2_de_la_mediana_de_los_patrones_de_crecimiento_infantil_de_la_OMS)_entre_la_poblaciÃ³n_menor_a_5_aÃ±os,_desglosada_por_tipo_(emaciaciÃ³n_y_sobrepeso)",	32,"Zacatecas","2021","ND","ND","ND","ND","ND",
"Prevalencia_de_la_malnutriciÃ³n_(peso_para_la_estatura,_desviaciÃ³n_tÃ­pica_>_+2_o_<_-2_de_la_mediana_de_los_patrones_de_crecimiento_infantil_de_la_OMS)_entre_la_poblaciÃ³n_menor_a_5_aÃ±os,_desglosada_por_tipo_(emaciaciÃ³n_y_sobrepeso)",	00,"Estados_Unidos_Mexicanos","2020","9.63","9.71","9.42","11.3","7.93",
"Prevalencia_de_la_malnutriciÃ³n_(peso_para_la_estatura,_desviaciÃ³n_tÃ­pica_>_+2_o_<_-2_de_la_mediana_de_los_patrones_de_crecimiento_infantil_de_la_OMS)_entre_la_poblaciÃ³n_menor_a_5_aÃ±os,_desglosada_por_tipo_(emaciaciÃ³n_y_sobrepeso)",	01,"Aguascalientes","2020","ND","ND","ND","ND","ND",
"Prevalencia_de_la_malnutriciÃ³n_(peso_para_la_estatura,_desviaciÃ³n_tÃ­pica_>_+2_o_<_-2_de_la_mediana_de_los_patrones_de_crecimiento_infantil_de_la_OMS)_entre_la_poblaciÃ³n_menor_a_5_aÃ±os,_desglosada_por_tipo_(emaciaciÃ³n_y_sobrepeso)",	02,"Baja_California","2020","ND","ND","ND","ND","ND",
"Prevalencia_de_la_malnutriciÃ³n_(peso_para_la_estatura,_desviaciÃ³n_tÃ­pica_>_+2_o_<_-2_de_la_mediana_de_los_patrones_de_crecimiento_infantil_de_la_OMS)_entre_la_poblaciÃ³n_menor_a_5_aÃ±os,_desglosada_por_tipo_(emaciaciÃ³n_y_sobrepeso)",	03,"Baja_California_Sur","2020","ND","ND","ND","ND","ND",
"Prevalencia_de_la_malnutriciÃ³n_(peso_para_la_estatura,_desviaciÃ³n_tÃ­pica_>_+2_o_<_-2_de_la_mediana_de_los_patrones_de_crecimiento_infantil_de_la_OMS)_entre_la_poblaciÃ³n_menor_a_5_aÃ±os,_desglosada_por_tipo_(emaciaciÃ³n_y_sobrepeso)",	04,"Campeche","2020","ND","ND","ND","ND","ND",
"Prevalencia_de_la_malnutriciÃ³n_(peso_para_la_estatura,_desviaciÃ³n_tÃ­pica_>_+2_o_<_-2_de_la_mediana_de_los_patrones_de_crecimiento_infantil_de_la_OMS)_entre_la_poblaciÃ³n_menor_a_5_aÃ±os,_desglosada_por_tipo_(emaciaciÃ³n_y_sobrepeso)",	05,"Coahuila_de_Zaragoza","2020","ND","ND","ND","ND","ND",
"Prevalencia_de_la_malnutriciÃ³n_(peso_para_la_estatura,_desviaciÃ³n_tÃ­pica_>_+2_o_<_-2_de_la_mediana_de_los_patrones_de_crecimiento_infantil_de_la_OMS)_entre_la_poblaciÃ³n_menor_a_5_aÃ±os,_desglosada_por_tipo_(emaciaciÃ³n_y_sobrepeso)",	06,"Colima","2020","ND","ND","ND","ND","ND",
"Prevalencia_de_la_malnutriciÃ³n_(peso_para_la_estatura,_desviaciÃ³n_tÃ­pica_>_+2_o_<_-2_de_la_mediana_de_los_patrones_de_crecimiento_infantil_de_la_OMS)_entre_la_poblaciÃ³n_menor_a_5_aÃ±os,_desglosada_por_tipo_(emaciaciÃ³n_y_sobrepeso)",	07,"Chiapas","2020","ND","ND","ND","ND","ND",
"Prevalencia_de_la_malnutriciÃ³n_(peso_para_la_estatura,_desviaciÃ³n_tÃ­pica_>_+2_o_<_-2_de_la_mediana_de_los_patrones_de_crecimiento_infantil_de_la_OMS)_entre_la_poblaciÃ³n_menor_a_5_aÃ±os,_desglosada_por_tipo_(emaciaciÃ³n_y_sobrepeso)",	08,"Chihuahua","2020","ND","ND","ND","ND","ND",
"Prevalencia_de_la_malnutriciÃ³n_(peso_para_la_estatura,_desviaciÃ³n_tÃ­pica_>_+2_o_<_-2_de_la_mediana_de_los_patrones_de_crecimiento_infantil_de_la_OMS)_entre_la_poblaciÃ³n_menor_a_5_aÃ±os,_desglosada_por_tipo_(emaciaciÃ³n_y_sobrepeso)",	09,"Ciudad_de_MÃ©xico","2020","ND","ND","ND","ND","ND",
"Prevalencia_de_la_malnutriciÃ³n_(peso_para_la_estatura,_desviaciÃ³n_tÃ­pica_>_+2_o_<_-2_de_la_mediana_de_los_patrones_de_crecimiento_infantil_de_la_OMS)_entre_la_poblaciÃ³n_menor_a_5_aÃ±os,_desglosada_por_tipo_(emaciaciÃ³n_y_sobrepeso)",	10,"Durango","2020","ND","ND","ND","ND","ND",
"Prevalencia_de_la_malnutriciÃ³n_(peso_para_la_estatura,_desviaciÃ³n_tÃ­pica_>_+2_o_<_-2_de_la_mediana_de_los_patrones_de_crecimiento_infantil_de_la_OMS)_entre_la_poblaciÃ³n_menor_a_5_aÃ±os,_desglosada_por_tipo_(emaciaciÃ³n_y_sobrepeso)",	11,"Guanajuato","2020","ND","ND","ND","ND","ND",
"Prevalencia_de_la_malnutriciÃ³n_(peso_para_la_estatura,_desviaciÃ³n_tÃ­pica_>_+2_o_<_-2_de_la_mediana_de_los_patrones_de_crecimiento_infantil_de_la_OMS)_entre_la_poblaciÃ³n_menor_a_5_aÃ±os,_desglosada_por_tipo_(emaciaciÃ³n_y_sobrepeso)",	12,"Guerrero","2020","ND","ND","ND","ND","ND",
"Prevalencia_de_la_malnutriciÃ³n_(peso_para_la_estatura,_desviaciÃ³n_tÃ­pica_>_+2_o_<_-2_de_la_mediana_de_los_patrones_de_crecimiento_infantil_de_la_OMS)_entre_la_poblaciÃ³n_menor_a_5_aÃ±os,_desglosada_por_tipo_(emaciaciÃ³n_y_sobrepeso)",	13,"Hidalgo","2020","ND","ND","ND","ND","ND",
"Prevalencia_de_la_malnutriciÃ³n_(peso_para_la_estatura,_desviaciÃ³n_tÃ­pica_>_+2_o_<_-2_de_la_mediana_de_los_patrones_de_crecimiento_infantil_de_la_OMS)_entre_la_poblaciÃ³n_menor_a_5_aÃ±os,_desglosada_por_tipo_(emaciaciÃ³n_y_sobrepeso)",	14,"Jalisco","2020","ND","ND","ND","ND","ND",
"Prevalencia_de_la_malnutriciÃ³n_(peso_para_la_estatura,_desviaciÃ³n_tÃ­pica_>_+2_o_<_-2_de_la_mediana_de_los_patrones_de_crecimiento_infantil_de_la_OMS)_entre_la_poblaciÃ³n_menor_a_5_aÃ±os,_desglosada_por_tipo_(emaciaciÃ³n_y_sobrepeso)",	15,"MÃ©xico","2020","ND","ND","ND","ND","ND",
"Prevalencia_de_la_malnutriciÃ³n_(peso_para_la_estatura,_desviaciÃ³n_tÃ­pica_>_+2_o_<_-2_de_la_mediana_de_los_patrones_de_crecimiento_infantil_de_la_OMS)_entre_la_poblaciÃ³n_menor_a_5_aÃ±os,_desglosada_por_tipo_(emaciaciÃ³n_y_sobrepeso)",	16,"MichoacÃ¡n_de_Ocampo","2020","ND","ND","ND","ND","ND",
"Prevalencia_de_la_malnutriciÃ³n_(peso_para_la_estatura,_desviaciÃ³n_tÃ­pica_>_+2_o_<_-2_de_la_mediana_de_los_patrones_de_crecimiento_infantil_de_la_OMS)_entre_la_poblaciÃ³n_menor_a_5_aÃ±os,_desglosada_por_tipo_(emaciaciÃ³n_y_sobrepeso)",	17,"Morelos","2020","ND","ND","ND","ND","ND",
"Prevalencia_de_la_malnutriciÃ³n_(peso_para_la_estatura,_desviaciÃ³n_tÃ­pica_>_+2_o_<_-2_de_la_mediana_de_los_patrones_de_crecimiento_infantil_de_la_OMS)_entre_la_poblaciÃ³n_menor_a_5_aÃ±os,_desglosada_por_tipo_(emaciaciÃ³n_y_sobrepeso)",	18,"Nayarit","2020","ND","ND","ND","ND","ND",
"Prevalencia_de_la_malnutriciÃ³n_(peso_para_la_estatura,_desviaciÃ³n_tÃ­pica_>_+2_o_<_-2_de_la_mediana_de_los_patrones_de_crecimiento_infantil_de_la_OMS)_entre_la_poblaciÃ³n_menor_a_5_aÃ±os,_desglosada_por_tipo_(emaciaciÃ³n_y_sobrepeso)",	19,"Nuevo_LeÃ³n","2020","ND","ND","ND","ND","ND",
"Prevalencia_de_la_malnutriciÃ³n_(peso_para_la_estatura,_desviaciÃ³n_tÃ­pica_>_+2_o_<_-2_de_la_mediana_de_los_patrones_de_crecimiento_infantil_de_la_OMS)_entre_la_poblaciÃ³n_menor_a_5_aÃ±os,_desglosada_por_tipo_(emaciaciÃ³n_y_sobrepeso)",	20,"Oaxaca","2020","ND","ND","ND","ND","ND",
"Prevalencia_de_la_malnutriciÃ³n_(peso_para_la_estatura,_desviaciÃ³n_tÃ­pica_>_+2_o_<_-2_de_la_mediana_de_los_patrones_de_crecimiento_infantil_de_la_OMS)_entre_la_poblaciÃ³n_menor_a_5_aÃ±os,_desglosada_por_tipo_(emaciaciÃ³n_y_sobrepeso)",	21,"Puebla","2020","ND","ND","ND","ND","ND",
"Prevalencia_de_la_malnutriciÃ³n_(peso_para_la_estatura,_desviaciÃ³n_tÃ­pica_>_+2_o_<_-2_de_la_mediana_de_los_patrones_de_crecimiento_infantil_de_la_OMS)_entre_la_poblaciÃ³n_menor_a_5_aÃ±os,_desglosada_por_tipo_(emaciaciÃ³n_y_sobrepeso)",	22,"QuerÃ©taro","2020","ND","ND","ND","ND","ND",
"Prevalencia_de_la_malnutriciÃ³n_(peso_para_la_estatura,_desviaciÃ³n_tÃ­pica_>_+2_o_<_-2_de_la_mediana_de_los_patrones_de_crecimiento_infantil_de_la_OMS)_entre_la_poblaciÃ³n_menor_a_5_aÃ±os,_desglosada_por_tipo_(emaciaciÃ³n_y_sobrepeso)",	23,"Quintana_Roo","2020","ND","ND","ND","ND","ND",
"Prevalencia_de_la_malnutriciÃ³n_(peso_para_la_estatura,_desviaciÃ³n_tÃ­pica_>_+2_o_<_-2_de_la_mediana_de_los_patrones_de_crecimiento_infantil_de_la_OMS)_entre_la_poblaciÃ³n_menor_a_5_aÃ±os,_desglosada_por_tipo_(emaciaciÃ³n_y_sobrepeso)",	24,"San_Luis_PotosÃ­","2020","ND","ND","ND","ND","ND",
"Prevalencia_de_la_malnutriciÃ³n_(peso_para_la_estatura,_desviaciÃ³n_tÃ­pica_>_+2_o_<_-2_de_la_mediana_de_los_patrones_de_crecimiento_infantil_de_la_OMS)_entre_la_poblaciÃ³n_menor_a_5_aÃ±os,_desglosada_por_tipo_(emaciaciÃ³n_y_sobrepeso)",	25,"Sinaloa","2020","ND","ND","ND","ND","ND",
"Prevalencia_de_la_malnutriciÃ³n_(peso_para_la_estatura,_desviaciÃ³n_tÃ­pica_>_+2_o_<_-2_de_la_mediana_de_los_patrones_de_crecimiento_infantil_de_la_OMS)_entre_la_poblaciÃ³n_menor_a_5_aÃ±os,_desglosada_por_tipo_(emaciaciÃ³n_y_sobrepeso)",	26,"Sonora","2020","ND","ND","ND","ND","ND",
"Prevalencia_de_la_malnutriciÃ³n_(peso_para_la_estatura,_desviaciÃ³n_tÃ­pica_>_+2_o_<_-2_de_la_mediana_de_los_patrones_de_crecimiento_infantil_de_la_OMS)_entre_la_poblaciÃ³n_menor_a_5_aÃ±os,_desglosada_por_tipo_(emaciaciÃ³n_y_sobrepeso)",	27,"Tabasco","2020","ND","ND","ND","ND","ND",
"Prevalencia_de_la_malnutriciÃ³n_(peso_para_la_estatura,_desviaciÃ³n_tÃ­pica_>_+2_o_<_-2_de_la_mediana_de_los_patrones_de_crecimiento_infantil_de_la_OMS)_entre_la_poblaciÃ³n_menor_a_5_aÃ±os,_desglosada_por_tipo_(emaciaciÃ³n_y_sobrepeso)",	28,"Tamaulipas","2020","ND","ND","ND","ND","ND",
"Prevalencia_de_la_malnutriciÃ³n_(peso_para_la_estatura,_desviaciÃ³n_tÃ­pica_>_+2_o_<_-2_de_la_mediana_de_los_patrones_de_crecimiento_infantil_de_la_OMS)_entre_la_poblaciÃ³n_menor_a_5_aÃ±os,_desglosada_por_tipo_(emaciaciÃ³n_y_sobrepeso)",	29,"Tlaxcala","2020","ND","ND","ND","ND","ND",
"Prevalencia_de_la_malnutriciÃ³n_(peso_para_la_estatura,_desviaciÃ³n_tÃ­pica_>_+2_o_<_-2_de_la_mediana_de_los_patrones_de_crecimiento_infantil_de_la_OMS)_entre_la_poblaciÃ³n_menor_a_5_aÃ±os,_desglosada_por_tipo_(emaciaciÃ³n_y_sobrepeso)",	30,"Veracruz_de_Ignacio_de_la_Llave","2020","ND","ND","ND","ND","ND",
"Prevalencia_de_la_malnutriciÃ³n_(peso_para_la_estatura,_desviaciÃ³n_tÃ­pica_>_+2_o_<_-2_de_la_mediana_de_los_patrones_de_crecimiento_infantil_de_la_OMS)_entre_la_poblaciÃ³n_menor_a_5_aÃ±os,_desglosada_por_tipo_(emaciaciÃ³n_y_sobrepeso)",	31,"YucatÃ¡n","2020","ND","ND","ND","ND","ND",
"Prevalencia_de_la_malnutriciÃ³n_(peso_para_la_estatura,_desviaciÃ³n_tÃ­pica_>_+2_o_<_-2_de_la_mediana_de_los_patrones_de_crecimiento_infantil_de_la_OMS)_entre_la_poblaciÃ³n_menor_a_5_aÃ±os,_desglosada_por_tipo_(emaciaciÃ³n_y_sobrepeso)",	32,"Zacatecas","2020","ND","ND","ND","ND","ND",
"Prevalencia_de_la_malnutriciÃ³n_(peso_para_la_estatura,_desviaciÃ³n_tÃ­pica_>_+2_o_<_-2_de_la_mediana_de_los_patrones_de_crecimiento_infantil_de_la_OMS)_entre_la_poblaciÃ³n_menor_a_5_aÃ±os,_desglosada_por_tipo_(emaciaciÃ³n_y_sobrepeso)",	00,"Estados_Unidos_Mexicanos","2018","7.69","7.46","8.27","8.03","7.33",
"Prevalencia_de_la_malnutriciÃ³n_(peso_para_la_estatura,_desviaciÃ³n_tÃ­pica_>_+2_o_<_-2_de_la_mediana_de_los_patrones_de_crecimiento_infantil_de_la_OMS)_entre_la_poblaciÃ³n_menor_a_5_aÃ±os,_desglosada_por_tipo_(emaciaciÃ³n_y_sobrepeso)",	01,"Aguascalientes","2018","8.55","ND","ND","ND","ND",
"Prevalencia_de_la_malnutriciÃ³n_(peso_para_la_estatura,_desviaciÃ³n_tÃ­pica_>_+2_o_<_-2_de_la_mediana_de_los_patrones_de_crecimiento_infantil_de_la_OMS)_entre_la_poblaciÃ³n_menor_a_5_aÃ±os,_desglosada_por_tipo_(emaciaciÃ³n_y_sobrepeso)",	02,"Baja_California","2018","1.67","ND","ND","ND","ND",
"Prevalencia_de_la_malnutriciÃ³n_(peso_para_la_estatura,_desviaciÃ³n_tÃ­pica_>_+2_o_<_-2_de_la_mediana_de_los_patrones_de_crecimiento_infantil_de_la_OMS)_entre_la_poblaciÃ³n_menor_a_5_aÃ±os,_desglosada_por_tipo_(emaciaciÃ³n_y_sobrepeso)",	03,"Baja_California_Sur","2018","9.23","ND","ND","ND","ND",
"Prevalencia_de_la_malnutriciÃ³n_(peso_para_la_estatura,_desviaciÃ³n_tÃ­pica_>_+2_o_<_-2_de_la_mediana_de_los_patrones_de_crecimiento_infantil_de_la_OMS)_entre_la_poblaciÃ³n_menor_a_5_aÃ±os,_desglosada_por_tipo_(emaciaciÃ³n_y_sobrepeso)",	04,"Campeche","2018","8.66","ND","ND","ND","ND",
"Prevalencia_de_la_malnutriciÃ³n_(peso_para_la_estatura,_desviaciÃ³n_tÃ­pica_>_+2_o_<_-2_de_la_mediana_de_los_patrones_de_crecimiento_infantil_de_la_OMS)_entre_la_poblaciÃ³n_menor_a_5_aÃ±os,_desglosada_por_tipo_(emaciaciÃ³n_y_sobrepeso)",	05,"Coahuila_de_Zaragoza","2018","11.22","ND","ND","ND","ND",
"Prevalencia_de_la_malnutriciÃ³n_(peso_para_la_estatura,_desviaciÃ³n_tÃ­pica_>_+2_o_<_-2_de_la_mediana_de_los_patrones_de_crecimiento_infantil_de_la_OMS)_entre_la_poblaciÃ³n_menor_a_5_aÃ±os,_desglosada_por_tipo_(emaciaciÃ³n_y_sobrepeso)",	06,"Colima","2018","9.58","ND","ND","ND","ND",
"Prevalencia_de_la_malnutriciÃ³n_(peso_para_la_estatura,_desviaciÃ³n_tÃ­pica_>_+2_o_<_-2_de_la_mediana_de_los_patrones_de_crecimiento_infantil_de_la_OMS)_entre_la_poblaciÃ³n_menor_a_5_aÃ±os,_desglosada_por_tipo_(emaciaciÃ³n_y_sobrepeso)",	07,"Chiapas","2018","8.66","ND","ND","ND","ND",
"Prevalencia_de_la_malnutriciÃ³n_(peso_para_la_estatura,_desviaciÃ³n_tÃ­pica_>_+2_o_<_-2_de_la_mediana_de_los_patrones_de_crecimiento_infantil_de_la_OMS)_entre_la_poblaciÃ³n_menor_a_5_aÃ±os,_desglosada_por_tipo_(emaciaciÃ³n_y_sobrepeso)",	08,"Chihuahua","2018","9.72","ND","ND","ND","ND",
"Prevalencia_de_la_malnutriciÃ³n_(peso_para_la_estatura,_desviaciÃ³n_tÃ­pica_>_+2_o_<_-2_de_la_mediana_de_los_patrones_de_crecimiento_infantil_de_la_OMS)_entre_la_poblaciÃ³n_menor_a_5_aÃ±os,_desglosada_por_tipo_(emaciaciÃ³n_y_sobrepeso)",	09,"Ciudad_de_MÃ©xico","2018","4.55","ND","ND","ND","ND",
"Prevalencia_de_la_malnutriciÃ³n_(peso_para_la_estatura,_desviaciÃ³n_tÃ­pica_>_+2_o_<_-2_de_la_mediana_de_los_patrones_de_crecimiento_infantil_de_la_OMS)_entre_la_poblaciÃ³n_menor_a_5_aÃ±os,_desglosada_por_tipo_(emaciaciÃ³n_y_sobrepeso)",	10,"Durango","2018","5.6","ND","ND","ND","ND",
"Prevalencia_de_la_malnutriciÃ³n_(peso_para_la_estatura,_desviaciÃ³n_tÃ­pica_>_+2_o_<_-2_de_la_mediana_de_los_patrones_de_crecimiento_infantil_de_la_OMS)_entre_la_poblaciÃ³n_menor_a_5_aÃ±os,_desglosada_por_tipo_(emaciaciÃ³n_y_sobrepeso)",	11,"Guanajuato","2018","11.09","ND","ND","ND","ND",
"Prevalencia_de_la_malnutriciÃ³n_(peso_para_la_estatura,_desviaciÃ³n_tÃ­pica_>_+2_o_<_-2_de_la_mediana_de_los_patrones_de_crecimiento_infantil_de_la_OMS)_entre_la_poblaciÃ³n_menor_a_5_aÃ±os,_desglosada_por_tipo_(emaciaciÃ³n_y_sobrepeso)",	12,"Guerrero","2018","7","ND","ND","ND","ND",
"Prevalencia_de_la_malnutriciÃ³n_(peso_para_la_estatura,_desviaciÃ³n_tÃ­pica_>_+2_o_<_-2_de_la_mediana_de_los_patrones_de_crecimiento_infantil_de_la_OMS)_entre_la_poblaciÃ³n_menor_a_5_aÃ±os,_desglosada_por_tipo_(emaciaciÃ³n_y_sobrepeso)",	13,"Hidalgo","2018","3.65","ND","ND","ND","ND",
"Prevalencia_de_la_malnutriciÃ³n_(peso_para_la_estatura,_desviaciÃ³n_tÃ­pica_>_+2_o_<_-2_de_la_mediana_de_los_patrones_de_crecimiento_infantil_de_la_OMS)_entre_la_poblaciÃ³n_menor_a_5_aÃ±os,_desglosada_por_tipo_(emaciaciÃ³n_y_sobrepeso)",	14,"Jalisco","2018","10.56","ND","ND","ND","ND",
"Prevalencia_de_la_malnutriciÃ³n_(peso_para_la_estatura,_desviaciÃ³n_tÃ­pica_>_+2_o_<_-2_de_la_mediana_de_los_patrones_de_crecimiento_infantil_de_la_OMS)_entre_la_poblaciÃ³n_menor_a_5_aÃ±os,_desglosada_por_tipo_(emaciaciÃ³n_y_sobrepeso)",	15,"MÃ©xico","2018","3.45","ND","ND","ND","ND",
"Prevalencia_de_la_malnutriciÃ³n_(peso_para_la_estatura,_desviaciÃ³n_tÃ­pica_>_+2_o_<_-2_de_la_mediana_de_los_patrones_de_crecimiento_infantil_de_la_OMS)_entre_la_poblaciÃ³n_menor_a_5_aÃ±os,_desglosada_por_tipo_(emaciaciÃ³n_y_sobrepeso)",	16,"MichoacÃ¡n_de_Ocampo","2018","9.84","ND","ND","ND","ND",
"Prevalencia_de_la_malnutriciÃ³n_(peso_para_la_estatura,_desviaciÃ³n_tÃ­pica_>_+2_o_<_-2_de_la_mediana_de_los_patrones_de_crecimiento_infantil_de_la_OMS)_entre_la_poblaciÃ³n_menor_a_5_aÃ±os,_desglosada_por_tipo_(emaciaciÃ³n_y_sobrepeso)",	17,"Morelos","2018","7.14","ND","ND","ND","ND",
"Prevalencia_de_la_malnutriciÃ³n_(peso_para_la_estatura,_desviaciÃ³n_tÃ­pica_>_+2_o_<_-2_de_la_mediana_de_los_patrones_de_crecimiento_infantil_de_la_OMS)_entre_la_poblaciÃ³n_menor_a_5_aÃ±os,_desglosada_por_tipo_(emaciaciÃ³n_y_sobrepeso)",	18,"Nayarit","2018","10.46","ND","ND","ND","ND",
"Prevalencia_de_la_malnutriciÃ³n_(peso_para_la_estatura,_desviaciÃ³n_tÃ­pica_>_+2_o_<_-2_de_la_mediana_de_los_patrones_de_crecimiento_infantil_de_la_OMS)_entre_la_poblaciÃ³n_menor_a_5_aÃ±os,_desglosada_por_tipo_(emaciaciÃ³n_y_sobrepeso)",	19,"Nuevo_LeÃ³n","2018","9.07","ND","ND","ND","ND",
"Prevalencia_de_la_malnutriciÃ³n_(peso_para_la_estatura,_desviaciÃ³n_tÃ­pica_>_+2_o_<_-2_de_la_mediana_de_los_patrones_de_crecimiento_infantil_de_la_OMS)_entre_la_poblaciÃ³n_menor_a_5_aÃ±os,_desglosada_por_tipo_(emaciaciÃ³n_y_sobrepeso)",	20,"Oaxaca","2018","4.21","ND","ND","ND","ND",
"Prevalencia_de_la_malnutriciÃ³n_(peso_para_la_estatura,_desviaciÃ³n_tÃ­pica_>_+2_o_<_-2_de_la_mediana_de_los_patrones_de_crecimiento_infantil_de_la_OMS)_entre_la_poblaciÃ³n_menor_a_5_aÃ±os,_desglosada_por_tipo_(emaciaciÃ³n_y_sobrepeso)",	21,"Puebla","2018","6.44","ND","ND","ND","ND",
"Prevalencia_de_la_malnutriciÃ³n_(peso_para_la_estatura,_desviaciÃ³n_tÃ­pica_>_+2_o_<_-2_de_la_mediana_de_los_patrones_de_crecimiento_infantil_de_la_OMS)_entre_la_poblaciÃ³n_menor_a_5_aÃ±os,_desglosada_por_tipo_(emaciaciÃ³n_y_sobrepeso)",	22,"QuerÃ©taro","2018","1.44","ND","ND","ND","ND",
"Prevalencia_de_la_malnutriciÃ³n_(peso_para_la_estatura,_desviaciÃ³n_tÃ­pica_>_+2_o_<_-2_de_la_mediana_de_los_patrones_de_crecimiento_infantil_de_la_OMS)_entre_la_poblaciÃ³n_menor_a_5_aÃ±os,_desglosada_por_tipo_(emaciaciÃ³n_y_sobrepeso)",	23,"Quintana_Roo","2018","2.76","ND","ND","ND","ND",
"Prevalencia_de_la_malnutriciÃ³n_(peso_para_la_estatura,_desviaciÃ³n_tÃ­pica_>_+2_o_<_-2_de_la_mediana_de_los_patrones_de_crecimiento_infantil_de_la_OMS)_entre_la_poblaciÃ³n_menor_a_5_aÃ±os,_desglosada_por_tipo_(emaciaciÃ³n_y_sobrepeso)",	24,"San_Luis_PotosÃ­","2018","12.21","ND","ND","ND","ND",
"Prevalencia_de_la_malnutriciÃ³n_(peso_para_la_estatura,_desviaciÃ³n_tÃ­pica_>_+2_o_<_-2_de_la_mediana_de_los_patrones_de_crecimiento_infantil_de_la_OMS)_entre_la_poblaciÃ³n_menor_a_5_aÃ±os,_desglosada_por_tipo_(emaciaciÃ³n_y_sobrepeso)",	25,"Sinaloa","2018","7.42","ND","ND","ND","ND",
"Prevalencia_de_la_malnutriciÃ³n_(peso_para_la_estatura,_desviaciÃ³n_tÃ­pica_>_+2_o_<_-2_de_la_mediana_de_los_patrones_de_crecimiento_infantil_de_la_OMS)_entre_la_poblaciÃ³n_menor_a_5_aÃ±os,_desglosada_por_tipo_(emaciaciÃ³n_y_sobrepeso)",	26,"Sonora","2018","8.02","ND","ND","ND","ND",
"Prevalencia_de_la_malnutriciÃ³n_(peso_para_la_estatura,_desviaciÃ³n_tÃ­pica_>_+2_o_<_-2_de_la_mediana_de_los_patrones_de_crecimiento_infantil_de_la_OMS)_entre_la_poblaciÃ³n_menor_a_5_aÃ±os,_desglosada_por_tipo_(emaciaciÃ³n_y_sobrepeso)",	27,"Tabasco","2018","10.54","ND","ND","ND","ND",
"Prevalencia_de_la_malnutriciÃ³n_(peso_para_la_estatura,_desviaciÃ³n_tÃ­pica_>_+2_o_<_-2_de_la_mediana_de_los_patrones_de_crecimiento_infantil_de_la_OMS)_entre_la_poblaciÃ³n_menor_a_5_aÃ±os,_desglosada_por_tipo_(emaciaciÃ³n_y_sobrepeso)",	28,"Tamaulipas","2018","11.15","ND","ND","ND","ND",
"Prevalencia_de_la_malnutriciÃ³n_(peso_para_la_estatura,_desviaciÃ³n_tÃ­pica_>_+2_o_<_-2_de_la_mediana_de_los_patrones_de_crecimiento_infantil_de_la_OMS)_entre_la_poblaciÃ³n_menor_a_5_aÃ±os,_desglosada_por_tipo_(emaciaciÃ³n_y_sobrepeso)",	29,"Tlaxcala","2018","4.19","ND","ND","ND","ND",
"Prevalencia_de_la_malnutriciÃ³n_(peso_para_la_estatura,_desviaciÃ³n_tÃ­pica_>_+2_o_<_-2_de_la_mediana_de_los_patrones_de_crecimiento_infantil_de_la_OMS)_entre_la_poblaciÃ³n_menor_a_5_aÃ±os,_desglosada_por_tipo_(emaciaciÃ³n_y_sobrepeso)",	30,"Veracruz_de_Ignacio_de_la_Llave","2018","13.11","ND","ND","ND","ND",
"Prevalencia_de_la_malnutriciÃ³n_(peso_para_la_estatura,_desviaciÃ³n_tÃ­pica_>_+2_o_<_-2_de_la_mediana_de_los_patrones_de_crecimiento_infantil_de_la_OMS)_entre_la_poblaciÃ³n_menor_a_5_aÃ±os,_desglosada_por_tipo_(emaciaciÃ³n_y_sobrepeso)",	31,"YucatÃ¡n","2018","10.28","0.85","ND","ND","ND",
"Prevalencia_de_la_malnutriciÃ³n_(peso_para_la_estatura,_desviaciÃ³n_tÃ­pica_>_+2_o_<_-2_de_la_mediana_de_los_patrones_de_crecimiento_infantil_de_la_OMS)_entre_la_poblaciÃ³n_menor_a_5_aÃ±os,_desglosada_por_tipo_(emaciaciÃ³n_y_sobrepeso)",	32,"Zacatecas","2018","5.37","ND","ND","ND","ND",
"Prevalencia_de_la_malnutriciÃ³n_(peso_para_la_estatura,_desviaciÃ³n_tÃ­pica_>_+2_o_<_-2_de_la_mediana_de_los_patrones_de_crecimiento_infantil_de_la_OMS)_entre_la_poblaciÃ³n_menor_a_5_aÃ±os,_desglosada_por_tipo_(emaciaciÃ³n_y_sobrepeso)",	00,"Estados_Unidos_Mexicanos","2012","10.6","11.1","9.3","10.8","10.4",
"Prevalencia_de_la_malnutriciÃ³n_(peso_para_la_estatura,_desviaciÃ³n_tÃ­pica_>_+2_o_<_-2_de_la_mediana_de_los_patrones_de_crecimiento_infantil_de_la_OMS)_entre_la_poblaciÃ³n_menor_a_5_aÃ±os,_desglosada_por_tipo_(emaciaciÃ³n_y_sobrepeso)",	01,"Aguascalientes","2012","ND","ND","ND","ND","ND",
"Prevalencia_de_la_malnutriciÃ³n_(peso_para_la_estatura,_desviaciÃ³n_tÃ­pica_>_+2_o_<_-2_de_la_mediana_de_los_patrones_de_crecimiento_infantil_de_la_OMS)_entre_la_poblaciÃ³n_menor_a_5_aÃ±os,_desglosada_por_tipo_(emaciaciÃ³n_y_sobrepeso)",	02,"Baja_California","2012","ND","ND","ND","ND","ND",
"Prevalencia_de_la_malnutriciÃ³n_(peso_para_la_estatura,_desviaciÃ³n_tÃ­pica_>_+2_o_<_-2_de_la_mediana_de_los_patrones_de_crecimiento_infantil_de_la_OMS)_entre_la_poblaciÃ³n_menor_a_5_aÃ±os,_desglosada_por_tipo_(emaciaciÃ³n_y_sobrepeso)",	03,"Baja_California_Sur","2012","ND","ND","ND","ND","ND",
"Prevalencia_de_la_malnutriciÃ³n_(peso_para_la_estatura,_desviaciÃ³n_tÃ­pica_>_+2_o_<_-2_de_la_mediana_de_los_patrones_de_crecimiento_infantil_de_la_OMS)_entre_la_poblaciÃ³n_menor_a_5_aÃ±os,_desglosada_por_tipo_(emaciaciÃ³n_y_sobrepeso)",	04,"Campeche","2012","ND","ND","ND","ND","ND",
"Prevalencia_de_la_malnutriciÃ³n_(peso_para_la_estatura,_desviaciÃ³n_tÃ­pica_>_+2_o_<_-2_de_la_mediana_de_los_patrones_de_crecimiento_infantil_de_la_OMS)_entre_la_poblaciÃ³n_menor_a_5_aÃ±os,_desglosada_por_tipo_(emaciaciÃ³n_y_sobrepeso)",	05,"Coahuila_de_Zaragoza","2012","ND","ND","ND","ND","ND",
"Prevalencia_de_la_malnutriciÃ³n_(peso_para_la_estatura,_desviaciÃ³n_tÃ­pica_>_+2_o_<_-2_de_la_mediana_de_los_patrones_de_crecimiento_infantil_de_la_OMS)_entre_la_poblaciÃ³n_menor_a_5_aÃ±os,_desglosada_por_tipo_(emaciaciÃ³n_y_sobrepeso)",	06,"Colima","2012","ND","ND","ND","ND","ND",
"Prevalencia_de_la_malnutriciÃ³n_(peso_para_la_estatura,_desviaciÃ³n_tÃ­pica_>_+2_o_<_-2_de_la_mediana_de_los_patrones_de_crecimiento_infantil_de_la_OMS)_entre_la_poblaciÃ³n_menor_a_5_aÃ±os,_desglosada_por_tipo_(emaciaciÃ³n_y_sobrepeso)",	07,"Chiapas","2012","ND","ND","ND","ND","ND",
"Prevalencia_de_la_malnutriciÃ³n_(peso_para_la_estatura,_desviaciÃ³n_tÃ­pica_>_+2_o_<_-2_de_la_mediana_de_los_patrones_de_crecimiento_infantil_de_la_OMS)_entre_la_poblaciÃ³n_menor_a_5_aÃ±os,_desglosada_por_tipo_(emaciaciÃ³n_y_sobrepeso)",	08,"Chihuahua","2012","ND","ND","ND","ND","ND",
"Prevalencia_de_la_malnutriciÃ³n_(peso_para_la_estatura,_desviaciÃ³n_tÃ­pica_>_+2_o_<_-2_de_la_mediana_de_los_patrones_de_crecimiento_infantil_de_la_OMS)_entre_la_poblaciÃ³n_menor_a_5_aÃ±os,_desglosada_por_tipo_(emaciaciÃ³n_y_sobrepeso)",	09,"Ciudad_de_MÃ©xico","2012","ND","ND","ND","ND","ND",
"Prevalencia_de_la_malnutriciÃ³n_(peso_para_la_estatura,_desviaciÃ³n_tÃ­pica_>_+2_o_<_-2_de_la_mediana_de_los_patrones_de_crecimiento_infantil_de_la_OMS)_entre_la_poblaciÃ³n_menor_a_5_aÃ±os,_desglosada_por_tipo_(emaciaciÃ³n_y_sobrepeso)",	10,"Durango","2012","ND","ND","ND","ND","ND",
"Prevalencia_de_la_malnutriciÃ³n_(peso_para_la_estatura,_desviaciÃ³n_tÃ­pica_>_+2_o_<_-2_de_la_mediana_de_los_patrones_de_crecimiento_infantil_de_la_OMS)_entre_la_poblaciÃ³n_menor_a_5_aÃ±os,_desglosada_por_tipo_(emaciaciÃ³n_y_sobrepeso)",	11,"Guanajuato","2012","ND","ND","ND","ND","ND",
"Prevalencia_de_la_malnutriciÃ³n_(peso_para_la_estatura,_desviaciÃ³n_tÃ­pica_>_+2_o_<_-2_de_la_mediana_de_los_patrones_de_crecimiento_infantil_de_la_OMS)_entre_la_poblaciÃ³n_menor_a_5_aÃ±os,_desglosada_por_tipo_(emaciaciÃ³n_y_sobrepeso)",	12,"Guerrero","2012","ND","ND","ND","ND","ND",
"Prevalencia_de_la_malnutriciÃ³n_(peso_para_la_estatura,_desviaciÃ³n_tÃ­pica_>_+2_o_<_-2_de_la_mediana_de_los_patrones_de_crecimiento_infantil_de_la_OMS)_entre_la_poblaciÃ³n_menor_a_5_aÃ±os,_desglosada_por_tipo_(emaciaciÃ³n_y_sobrepeso)",	13,"Hidalgo","2012","ND","ND","ND","ND","ND",
"Prevalencia_de_la_malnutriciÃ³n_(peso_para_la_estatura,_desviaciÃ³n_tÃ­pica_>_+2_o_<_-2_de_la_mediana_de_los_patrones_de_crecimiento_infantil_de_la_OMS)_entre_la_poblaciÃ³n_menor_a_5_aÃ±os,_desglosada_por_tipo_(emaciaciÃ³n_y_sobrepeso)",	14,"Jalisco","2012","ND","ND","ND","ND","ND",
"Prevalencia_de_la_malnutriciÃ³n_(peso_para_la_estatura,_desviaciÃ³n_tÃ­pica_>_+2_o_<_-2_de_la_mediana_de_los_patrones_de_crecimiento_infantil_de_la_OMS)_entre_la_poblaciÃ³n_menor_a_5_aÃ±os,_desglosada_por_tipo_(emaciaciÃ³n_y_sobrepeso)",	15,"MÃ©xico","2012","ND","ND","ND","ND","ND",
"Prevalencia_de_la_malnutriciÃ³n_(peso_para_la_estatura,_desviaciÃ³n_tÃ­pica_>_+2_o_<_-2_de_la_mediana_de_los_patrones_de_crecimiento_infantil_de_la_OMS)_entre_la_poblaciÃ³n_menor_a_5_aÃ±os,_desglosada_por_tipo_(emaciaciÃ³n_y_sobrepeso)",	16,"MichoacÃ¡n_de_Ocampo","2012","ND","ND","ND","ND","ND",
"Prevalencia_de_la_malnutriciÃ³n_(peso_para_la_estatura,_desviaciÃ³n_tÃ­pica_>_+2_o_<_-2_de_la_mediana_de_los_patrones_de_crecimiento_infantil_de_la_OMS)_entre_la_poblaciÃ³n_menor_a_5_aÃ±os,_desglosada_por_tipo_(emaciaciÃ³n_y_sobrepeso)",	17,"Morelos","2012","ND","ND","ND","ND","ND",
"Prevalencia_de_la_malnutriciÃ³n_(peso_para_la_estatura,_desviaciÃ³n_tÃ­pica_>_+2_o_<_-2_de_la_mediana_de_los_patrones_de_crecimiento_infantil_de_la_OMS)_entre_la_poblaciÃ³n_menor_a_5_aÃ±os,_desglosada_por_tipo_(emaciaciÃ³n_y_sobrepeso)",	18,"Nayarit","2012","ND","ND","ND","ND","ND",
"Prevalencia_de_la_malnutriciÃ³n_(peso_para_la_estatura,_desviaciÃ³n_tÃ­pica_>_+2_o_<_-2_de_la_mediana_de_los_patrones_de_crecimiento_infantil_de_la_OMS)_entre_la_poblaciÃ³n_menor_a_5_aÃ±os,_desglosada_por_tipo_(emaciaciÃ³n_y_sobrepeso)",	19,"Nuevo_LeÃ³n","2012","ND","ND","ND","ND","ND",
"Prevalencia_de_la_malnutriciÃ³n_(peso_para_la_estatura,_desviaciÃ³n_tÃ­pica_>_+2_o_<_-2_de_la_mediana_de_los_patrones_de_crecimiento_infantil_de_la_OMS)_entre_la_poblaciÃ³n_menor_a_5_aÃ±os,_desglosada_por_tipo_(emaciaciÃ³n_y_sobrepeso)",	20,"Oaxaca","2012","ND","ND","ND","ND","ND",
"Prevalencia_de_la_malnutriciÃ³n_(peso_para_la_estatura,_desviaciÃ³n_tÃ­pica_>_+2_o_<_-2_de_la_mediana_de_los_patrones_de_crecimiento_infantil_de_la_OMS)_entre_la_poblaciÃ³n_menor_a_5_aÃ±os,_desglosada_por_tipo_(emaciaciÃ³n_y_sobrepeso)",	21,"Puebla","2012","ND","ND","ND","ND","ND",
"Prevalencia_de_la_malnutriciÃ³n_(peso_para_la_estatura,_desviaciÃ³n_tÃ­pica_>_+2_o_<_-2_de_la_mediana_de_los_patrones_de_crecimiento_infantil_de_la_OMS)_entre_la_poblaciÃ³n_menor_a_5_aÃ±os,_desglosada_por_tipo_(emaciaciÃ³n_y_sobrepeso)",	22,"QuerÃ©taro","2012","ND","ND","ND","ND","ND",
"Prevalencia_de_la_malnutriciÃ³n_(peso_para_la_estatura,_desviaciÃ³n_tÃ­pica_>_+2_o_<_-2_de_la_mediana_de_los_patrones_de_crecimiento_infantil_de_la_OMS)_entre_la_poblaciÃ³n_menor_a_5_aÃ±os,_desglosada_por_tipo_(emaciaciÃ³n_y_sobrepeso)",	23,"Quintana_Roo","2012","ND","ND","ND","ND","ND",
"Prevalencia_de_la_malnutriciÃ³n_(peso_para_la_estatura,_desviaciÃ³n_tÃ­pica_>_+2_o_<_-2_de_la_mediana_de_los_patrones_de_crecimiento_infantil_de_la_OMS)_entre_la_poblaciÃ³n_menor_a_5_aÃ±os,_desglosada_por_tipo_(emaciaciÃ³n_y_sobrepeso)",	24,"San_Luis_PotosÃ­","2012","ND","ND","ND","ND","ND",
"Prevalencia_de_la_malnutriciÃ³n_(peso_para_la_estatura,_desviaciÃ³n_tÃ­pica_>_+2_o_<_-2_de_la_mediana_de_los_patrones_de_crecimiento_infantil_de_la_OMS)_entre_la_poblaciÃ³n_menor_a_5_aÃ±os,_desglosada_por_tipo_(emaciaciÃ³n_y_sobrepeso)",	25,"Sinaloa","2012","ND","ND","ND","ND","ND",
"Prevalencia_de_la_malnutriciÃ³n_(peso_para_la_estatura,_desviaciÃ³n_tÃ­pica_>_+2_o_<_-2_de_la_mediana_de_los_patrones_de_crecimiento_infantil_de_la_OMS)_entre_la_poblaciÃ³n_menor_a_5_aÃ±os,_desglosada_por_tipo_(emaciaciÃ³n_y_sobrepeso)",	26,"Sonora","2012","ND","ND","ND","ND","ND",
"Prevalencia_de_la_malnutriciÃ³n_(peso_para_la_estatura,_desviaciÃ³n_tÃ­pica_>_+2_o_<_-2_de_la_mediana_de_los_patrones_de_crecimiento_infantil_de_la_OMS)_entre_la_poblaciÃ³n_menor_a_5_aÃ±os,_desglosada_por_tipo_(emaciaciÃ³n_y_sobrepeso)",	27,"Tabasco","2012","ND","ND","ND","ND","ND",
"Prevalencia_de_la_malnutriciÃ³n_(peso_para_la_estatura,_desviaciÃ³n_tÃ­pica_>_+2_o_<_-2_de_la_mediana_de_los_patrones_de_crecimiento_infantil_de_la_OMS)_entre_la_poblaciÃ³n_menor_a_5_aÃ±os,_desglosada_por_tipo_(emaciaciÃ³n_y_sobrepeso)",	28,"Tamaulipas","2012","ND","ND","ND","ND","ND",
"Prevalencia_de_la_malnutriciÃ³n_(peso_para_la_estatura,_desviaciÃ³n_tÃ­pica_>_+2_o_<_-2_de_la_mediana_de_los_patrones_de_crecimiento_infantil_de_la_OMS)_entre_la_poblaciÃ³n_menor_a_5_aÃ±os,_desglosada_por_tipo_(emaciaciÃ³n_y_sobrepeso)",	29,"Tlaxcala","2012","ND","ND","ND","ND","ND",
"Prevalencia_de_la_malnutriciÃ³n_(peso_para_la_estatura,_desviaciÃ³n_tÃ­pica_>_+2_o_<_-2_de_la_mediana_de_los_patrones_de_crecimiento_infantil_de_la_OMS)_entre_la_poblaciÃ³n_menor_a_5_aÃ±os,_desglosada_por_tipo_(emaciaciÃ³n_y_sobrepeso)",	30,"Veracruz_de_Ignacio_de_la_Llave","2012","ND","ND","ND","ND","ND",
"Prevalencia_de_la_malnutriciÃ³n_(peso_para_la_estatura,_desviaciÃ³n_tÃ­pica_>_+2_o_<_-2_de_la_mediana_de_los_patrones_de_crecimiento_infantil_de_la_OMS)_entre_la_poblaciÃ³n_menor_a_5_aÃ±os,_desglosada_por_tipo_(emaciaciÃ³n_y_sobrepeso)",	31,"YucatÃ¡n","2012","ND","ND","ND","ND","ND",
"Prevalencia_de_la_malnutriciÃ³n_(peso_para_la_estatura,_desviaciÃ³n_tÃ­pica_>_+2_o_<_-2_de_la_mediana_de_los_patrones_de_crecimiento_infantil_de_la_OMS)_entre_la_poblaciÃ³n_menor_a_5_aÃ±os,_desglosada_por_tipo_(emaciaciÃ³n_y_sobrepeso)",	32,"Zacatecas","2012","ND","ND","ND","ND","ND",
"Prevalencia_de_la_malnutriciÃ³n_(peso_para_la_estatura,_desviaciÃ³n_tÃ­pica_>_+2_o_<_-2_de_la_mediana_de_los_patrones_de_crecimiento_infantil_de_la_OMS)_entre_la_poblaciÃ³n_menor_a_5_aÃ±os,_desglosada_por_tipo_(emaciaciÃ³n_y_sobrepeso)",	00,"Estados_Unidos_Mexicanos","2006","9.5","9.8","8.7","10.9","8.1",
"Prevalencia_de_la_malnutriciÃ³n_(peso_para_la_estatura,_desviaciÃ³n_tÃ­pica_>_+2_o_<_-2_de_la_mediana_de_los_patrones_de_crecimiento_infantil_de_la_OMS)_entre_la_poblaciÃ³n_menor_a_5_aÃ±os,_desglosada_por_tipo_(emaciaciÃ³n_y_sobrepeso)",	01,"Aguascalientes","2006","ND","ND","ND","ND","ND",
"Prevalencia_de_la_malnutriciÃ³n_(peso_para_la_estatura,_desviaciÃ³n_tÃ­pica_>_+2_o_<_-2_de_la_mediana_de_los_patrones_de_crecimiento_infantil_de_la_OMS)_entre_la_poblaciÃ³n_menor_a_5_aÃ±os,_desglosada_por_tipo_(emaciaciÃ³n_y_sobrepeso)",	02,"Baja_California","2006","ND","ND","ND","ND","ND",
"Prevalencia_de_la_malnutriciÃ³n_(peso_para_la_estatura,_desviaciÃ³n_tÃ­pica_>_+2_o_<_-2_de_la_mediana_de_los_patrones_de_crecimiento_infantil_de_la_OMS)_entre_la_poblaciÃ³n_menor_a_5_aÃ±os,_desglosada_por_tipo_(emaciaciÃ³n_y_sobrepeso)",	03,"Baja_California_Sur","2006","ND","ND","ND","ND","ND",
"Prevalencia_de_la_malnutriciÃ³n_(peso_para_la_estatura,_desviaciÃ³n_tÃ­pica_>_+2_o_<_-2_de_la_mediana_de_los_patrones_de_crecimiento_infantil_de_la_OMS)_entre_la_poblaciÃ³n_menor_a_5_aÃ±os,_desglosada_por_tipo_(emaciaciÃ³n_y_sobrepeso)",	04,"Campeche","2006","ND","ND","ND","ND","ND",
"Prevalencia_de_la_malnutriciÃ³n_(peso_para_la_estatura,_desviaciÃ³n_tÃ­pica_>_+2_o_<_-2_de_la_mediana_de_los_patrones_de_crecimiento_infantil_de_la_OMS)_entre_la_poblaciÃ³n_menor_a_5_aÃ±os,_desglosada_por_tipo_(emaciaciÃ³n_y_sobrepeso)",	05,"Coahuila_de_Zaragoza","2006","ND","ND","ND","ND","ND",
"Prevalencia_de_la_malnutriciÃ³n_(peso_para_la_estatura,_desviaciÃ³n_tÃ­pica_>_+2_o_<_-2_de_la_mediana_de_los_patrones_de_crecimiento_infantil_de_la_OMS)_entre_la_poblaciÃ³n_menor_a_5_aÃ±os,_desglosada_por_tipo_(emaciaciÃ³n_y_sobrepeso)",	06,"Colima","2006","ND","ND","ND","ND","ND",
"Prevalencia_de_la_malnutriciÃ³n_(peso_para_la_estatura,_desviaciÃ³n_tÃ­pica_>_+2_o_<_-2_de_la_mediana_de_los_patrones_de_crecimiento_infantil_de_la_OMS)_entre_la_poblaciÃ³n_menor_a_5_aÃ±os,_desglosada_por_tipo_(emaciaciÃ³n_y_sobrepeso)",	07,"Chiapas","2006","ND","ND","ND","ND","ND",
"Prevalencia_de_la_malnutriciÃ³n_(peso_para_la_estatura,_desviaciÃ³n_tÃ­pica_>_+2_o_<_-2_de_la_mediana_de_los_patrones_de_crecimiento_infantil_de_la_OMS)_entre_la_poblaciÃ³n_menor_a_5_aÃ±os,_desglosada_por_tipo_(emaciaciÃ³n_y_sobrepeso)",	08,"Chihuahua","2006","ND","ND","ND","ND","ND",
"Prevalencia_de_la_malnutriciÃ³n_(peso_para_la_estatura,_desviaciÃ³n_tÃ­pica_>_+2_o_<_-2_de_la_mediana_de_los_patrones_de_crecimiento_infantil_de_la_OMS)_entre_la_poblaciÃ³n_menor_a_5_aÃ±os,_desglosada_por_tipo_(emaciaciÃ³n_y_sobrepeso)",	09,"Ciudad_de_MÃ©xico","2006","ND","ND","ND","ND","ND",
"Prevalencia_de_la_malnutriciÃ³n_(peso_para_la_estatura,_desviaciÃ³n_tÃ­pica_>_+2_o_<_-2_de_la_mediana_de_los_patrones_de_crecimiento_infantil_de_la_OMS)_entre_la_poblaciÃ³n_menor_a_5_aÃ±os,_desglosada_por_tipo_(emaciaciÃ³n_y_sobrepeso)",	10,"Durango","2006","ND","ND","ND","ND","ND",
"Prevalencia_de_la_malnutriciÃ³n_(peso_para_la_estatura,_desviaciÃ³n_tÃ­pica_>_+2_o_<_-2_de_la_mediana_de_los_patrones_de_crecimiento_infantil_de_la_OMS)_entre_la_poblaciÃ³n_menor_a_5_aÃ±os,_desglosada_por_tipo_(emaciaciÃ³n_y_sobrepeso)",	11,"Guanajuato","2006","ND","ND","ND","ND","ND",
"Prevalencia_de_la_malnutriciÃ³n_(peso_para_la_estatura,_desviaciÃ³n_tÃ­pica_>_+2_o_<_-2_de_la_mediana_de_los_patrones_de_crecimiento_infantil_de_la_OMS)_entre_la_poblaciÃ³n_menor_a_5_aÃ±os,_desglosada_por_tipo_(emaciaciÃ³n_y_sobrepeso)",	12,"Guerrero","2006","ND","ND","ND","ND","ND",
"Prevalencia_de_la_malnutriciÃ³n_(peso_para_la_estatura,_desviaciÃ³n_tÃ­pica_>_+2_o_<_-2_de_la_mediana_de_los_patrones_de_crecimiento_infantil_de_la_OMS)_entre_la_poblaciÃ³n_menor_a_5_aÃ±os,_desglosada_por_tipo_(emaciaciÃ³n_y_sobrepeso)",	13,"Hidalgo","2006","ND","ND","ND","ND","ND",
"Prevalencia_de_la_malnutriciÃ³n_(peso_para_la_estatura,_desviaciÃ³n_tÃ­pica_>_+2_o_<_-2_de_la_mediana_de_los_patrones_de_crecimiento_infantil_de_la_OMS)_entre_la_poblaciÃ³n_menor_a_5_aÃ±os,_desglosada_por_tipo_(emaciaciÃ³n_y_sobrepeso)",	14,"Jalisco","2006","ND","ND","ND","ND","ND",
"Prevalencia_de_la_malnutriciÃ³n_(peso_para_la_estatura,_desviaciÃ³n_tÃ­pica_>_+2_o_<_-2_de_la_mediana_de_los_patrones_de_crecimiento_infantil_de_la_OMS)_entre_la_poblaciÃ³n_menor_a_5_aÃ±os,_desglosada_por_tipo_(emaciaciÃ³n_y_sobrepeso)",	15,"MÃ©xico","2006","ND","ND","ND","ND","ND",
"Prevalencia_de_la_malnutriciÃ³n_(peso_para_la_estatura,_desviaciÃ³n_tÃ­pica_>_+2_o_<_-2_de_la_mediana_de_los_patrones_de_crecimiento_infantil_de_la_OMS)_entre_la_poblaciÃ³n_menor_a_5_aÃ±os,_desglosada_por_tipo_(emaciaciÃ³n_y_sobrepeso)",	16,"MichoacÃ¡n_de_Ocampo","2006","ND","ND","ND","ND","ND",
"Prevalencia_de_la_malnutriciÃ³n_(peso_para_la_estatura,_desviaciÃ³n_tÃ­pica_>_+2_o_<_-2_de_la_mediana_de_los_patrones_de_crecimiento_infantil_de_la_OMS)_entre_la_poblaciÃ³n_menor_a_5_aÃ±os,_desglosada_por_tipo_(emaciaciÃ³n_y_sobrepeso)",	17,"Morelos","2006","ND","ND","ND","ND","ND",
"Prevalencia_de_la_malnutriciÃ³n_(peso_para_la_estatura,_desviaciÃ³n_tÃ­pica_>_+2_o_<_-2_de_la_mediana_de_los_patrones_de_crecimiento_infantil_de_la_OMS)_entre_la_poblaciÃ³n_menor_a_5_aÃ±os,_desglosada_por_tipo_(emaciaciÃ³n_y_sobrepeso)",	18,"Nayarit","2006","ND","ND","ND","ND","ND",
"Prevalencia_de_la_malnutriciÃ³n_(peso_para_la_estatura,_desviaciÃ³n_tÃ­pica_>_+2_o_<_-2_de_la_mediana_de_los_patrones_de_crecimiento_infantil_de_la_OMS)_entre_la_poblaciÃ³n_menor_a_5_aÃ±os,_desglosada_por_tipo_(emaciaciÃ³n_y_sobrepeso)",	19,"Nuevo_LeÃ³n","2006","ND","ND","ND","ND","ND",
"Prevalencia_de_la_malnutriciÃ³n_(peso_para_la_estatura,_desviaciÃ³n_tÃ­pica_>_+2_o_<_-2_de_la_mediana_de_los_patrones_de_crecimiento_infantil_de_la_OMS)_entre_la_poblaciÃ³n_menor_a_5_aÃ±os,_desglosada_por_tipo_(emaciaciÃ³n_y_sobrepeso)",	20,"Oaxaca","2006","ND","ND","ND","ND","ND",
"Prevalencia_de_la_malnutriciÃ³n_(peso_para_la_estatura,_desviaciÃ³n_tÃ­pica_>_+2_o_<_-2_de_la_mediana_de_los_patrones_de_crecimiento_infantil_de_la_OMS)_entre_la_poblaciÃ³n_menor_a_5_aÃ±os,_desglosada_por_tipo_(emaciaciÃ³n_y_sobrepeso)",	21,"Puebla","2006","ND","ND","ND","ND","ND",
"Prevalencia_de_la_malnutriciÃ³n_(peso_para_la_estatura,_desviaciÃ³n_tÃ­pica_>_+2_o_<_-2_de_la_mediana_de_los_patrones_de_crecimiento_infantil_de_la_OMS)_entre_la_poblaciÃ³n_menor_a_5_aÃ±os,_desglosada_por_tipo_(emaciaciÃ³n_y_sobrepeso)",	22,"QuerÃ©taro","2006","ND","ND","ND","ND","ND",
"Prevalencia_de_la_malnutriciÃ³n_(peso_para_la_estatura,_desviaciÃ³n_tÃ­pica_>_+2_o_<_-2_de_la_mediana_de_los_patrones_de_crecimiento_infantil_de_la_OMS)_entre_la_poblaciÃ³n_menor_a_5_aÃ±os,_desglosada_por_tipo_(emaciaciÃ³n_y_sobrepeso)",	23,"Quintana_Roo","2006","ND","ND","ND","ND","ND",
"Prevalencia_de_la_malnutriciÃ³n_(peso_para_la_estatura,_desviaciÃ³n_tÃ­pica_>_+2_o_<_-2_de_la_mediana_de_los_patrones_de_crecimiento_infantil_de_la_OMS)_entre_la_poblaciÃ³n_menor_a_5_aÃ±os,_desglosada_por_tipo_(emaciaciÃ³n_y_sobrepeso)",	24,"San_Luis_PotosÃ­","2006","ND","ND","ND","ND","ND",
"Prevalencia_de_la_malnutriciÃ³n_(peso_para_la_estatura,_desviaciÃ³n_tÃ­pica_>_+2_o_<_-2_de_la_mediana_de_los_patrones_de_crecimiento_infantil_de_la_OMS)_entre_la_poblaciÃ³n_menor_a_5_aÃ±os,_desglosada_por_tipo_(emaciaciÃ³n_y_sobrepeso)",	25,"Sinaloa","2006","ND","ND","ND","ND","ND",
"Prevalencia_de_la_malnutriciÃ³n_(peso_para_la_estatura,_desviaciÃ³n_tÃ­pica_>_+2_o_<_-2_de_la_mediana_de_los_patrones_de_crecimiento_infantil_de_la_OMS)_entre_la_poblaciÃ³n_menor_a_5_aÃ±os,_desglosada_por_tipo_(emaciaciÃ³n_y_sobrepeso)",	26,"Sonora","2006","ND","ND","ND","ND","ND",
"Prevalencia_de_la_malnutriciÃ³n_(peso_para_la_estatura,_desviaciÃ³n_tÃ­pica_>_+2_o_<_-2_de_la_mediana_de_los_patrones_de_crecimiento_infantil_de_la_OMS)_entre_la_poblaciÃ³n_menor_a_5_aÃ±os,_desglosada_por_tipo_(emaciaciÃ³n_y_sobrepeso)",	27,"Tabasco","2006","ND","ND","ND","ND","ND",
"Prevalencia_de_la_malnutriciÃ³n_(peso_para_la_estatura,_desviaciÃ³n_tÃ­pica_>_+2_o_<_-2_de_la_mediana_de_los_patrones_de_crecimiento_infantil_de_la_OMS)_entre_la_poblaciÃ³n_menor_a_5_aÃ±os,_desglosada_por_tipo_(emaciaciÃ³n_y_sobrepeso)",	28,"Tamaulipas","2006","ND","ND","ND","ND","ND",
"Prevalencia_de_la_malnutriciÃ³n_(peso_para_la_estatura,_desviaciÃ³n_tÃ­pica_>_+2_o_<_-2_de_la_mediana_de_los_patrones_de_crecimiento_infantil_de_la_OMS)_entre_la_poblaciÃ³n_menor_a_5_aÃ±os,_desglosada_por_tipo_(emaciaciÃ³n_y_sobrepeso)",	29,"Tlaxcala","2006","ND","ND","ND","ND","ND",
"Prevalencia_de_la_malnutriciÃ³n_(peso_para_la_estatura,_desviaciÃ³n_tÃ­pica_>_+2_o_<_-2_de_la_mediana_de_los_patrones_de_crecimiento_infantil_de_la_OMS)_entre_la_poblaciÃ³n_menor_a_5_aÃ±os,_desglosada_por_tipo_(emaciaciÃ³n_y_sobrepeso)",	30,"Veracruz_de_Ignacio_de_la_Llave","2006","ND","ND","ND","ND","ND",
"Prevalencia_de_la_malnutriciÃ³n_(peso_para_la_estatura,_desviaciÃ³n_tÃ­pica_>_+2_o_<_-2_de_la_mediana_de_los_patrones_de_crecimiento_infantil_de_la_OMS)_entre_la_poblaciÃ³n_menor_a_5_aÃ±os,_desglosada_por_tipo_(emaciaciÃ³n_y_sobrepeso)",	31,"YucatÃ¡n","2006","ND","ND","ND","ND","ND",
"Prevalencia_de_la_malnutriciÃ³n_(peso_para_la_estatura,_desviaciÃ³n_tÃ­pica_>_+2_o_<_-2_de_la_mediana_de_los_patrones_de_crecimiento_infantil_de_la_OMS)_entre_la_poblaciÃ³n_menor_a_5_aÃ±os,_desglosada_por_tipo_(emaciaciÃ³n_y_sobrepeso)",	32,"Zacatecas","2006","ND","ND","ND","ND","ND",
